# Blender 4.3.2
# www.blender.org
mtllib untitled.mtl
o Nadel.001
v -0.033470 0.300393 0.093776
v -0.033442 0.300389 0.093719
v -0.033431 0.300397 0.093657
v -0.033437 0.300414 0.093597
v -0.033458 0.300441 0.093544
v -0.033494 0.300473 0.093503
v -0.033541 0.300508 0.093478
v -0.033593 0.300542 0.093473
v -0.033647 0.300573 0.093487
v -0.033696 0.300596 0.093519
v -0.033736 0.300611 0.093565
v -0.031461 0.303359 0.094566
v -0.031416 0.303353 0.094470
v -0.031397 0.303365 0.094366
v -0.031406 0.303395 0.094264
v -0.031442 0.303440 0.094174
v -0.031503 0.303494 0.094106
v -0.031582 0.303553 0.094065
v -0.031671 0.303611 0.094055
v -0.031761 0.303663 0.094079
v -0.031844 0.303703 0.094132
v -0.031912 0.303727 0.094211
v -0.029592 0.306104 0.095305
v -0.029528 0.306095 0.095170
v -0.029501 0.306113 0.095023
v -0.029514 0.306155 0.094879
v -0.029566 0.306217 0.094753
v -0.029651 0.306294 0.094656
v -0.029762 0.306377 0.094599
v -0.029887 0.306459 0.094585
v -0.030014 0.306532 0.094618
v -0.030131 0.306588 0.094694
v -0.030227 0.306622 0.094805
v -0.027830 0.308680 0.096004
v -0.027747 0.308669 0.095829
v -0.027712 0.308692 0.095640
v -0.027729 0.308746 0.095455
v -0.027796 0.308827 0.095292
v -0.027906 0.308926 0.095167
v -0.028048 0.309033 0.095093
v -0.028210 0.309139 0.095076
v -0.028374 0.309232 0.095118
v -0.028525 0.309304 0.095215
v -0.028648 0.309348 0.095358
v -0.026140 0.311141 0.096675
v -0.026039 0.311127 0.096461
v -0.025996 0.311155 0.096230
v -0.026017 0.311222 0.096003
v -0.026098 0.311320 0.095804
v -0.026233 0.311441 0.095651
v -0.026408 0.311573 0.095559
v -0.026605 0.311702 0.095539
v -0.026806 0.311817 0.095590
v -0.026991 0.311905 0.095710
v -0.027142 0.311959 0.095885
v -0.024491 0.313538 0.097331
v -0.024370 0.313522 0.097078
v -0.024320 0.313555 0.096804
v -0.024344 0.313633 0.096536
v -0.024441 0.313750 0.096300
v -0.024600 0.313893 0.096119
v -0.024807 0.314049 0.096011
v -0.025041 0.314202 0.095986
v -0.025279 0.314338 0.096048
v -0.025498 0.314442 0.096189
v -0.025676 0.314506 0.096396
v -0.022848 0.315924 0.097985
v -0.022709 0.315905 0.097693
v -0.022651 0.315943 0.097376
v -0.022679 0.316034 0.097067
v -0.022791 0.316169 0.096794
v -0.022975 0.316334 0.096585
v -0.023214 0.316514 0.096460
v -0.023484 0.316691 0.096432
v -0.023758 0.316848 0.096503
v -0.024011 0.316968 0.096666
v -0.024217 0.317041 0.096905
v -0.021179 0.318351 0.098648
v -0.021022 0.318330 0.098317
v -0.020956 0.318373 0.097958
v -0.020988 0.318476 0.097607
v -0.021114 0.318629 0.097298
v -0.021323 0.318817 0.097061
v -0.021594 0.319021 0.096919
v -0.021900 0.319221 0.096887
v -0.022212 0.319399 0.096967
v -0.022498 0.319536 0.097152
v -0.022732 0.319619 0.097423
v -0.019451 0.320872 0.099334
v -0.019275 0.320849 0.098964
v -0.019202 0.320897 0.098562
v -0.019237 0.321012 0.098169
v -0.019379 0.321183 0.097823
v -0.019612 0.321393 0.097558
v -0.019915 0.321621 0.097400
v -0.020258 0.321846 0.097364
v -0.020606 0.322044 0.097454
v -0.020927 0.322197 0.097661
v -0.021188 0.322290 0.097964
v -0.017631 0.323540 0.100054
v -0.017437 0.323514 0.099645
v -0.017355 0.323568 0.099201
v -0.017394 0.323695 0.098766
v -0.017551 0.323884 0.098384
v -0.017809 0.324116 0.098091
v -0.018144 0.324368 0.097916
v -0.018523 0.324616 0.097876
v -0.018908 0.324836 0.097975
v -0.019262 0.325005 0.098204
v -0.019551 0.325108 0.098540
v -0.015686 0.326407 0.100822
v -0.015472 0.326378 0.100373
v -0.015383 0.326437 0.099886
v -0.015426 0.326577 0.099410
v -0.015598 0.326784 0.098991
v -0.015881 0.327038 0.098670
v -0.016248 0.327314 0.098478
v -0.016663 0.327586 0.098435
v -0.017085 0.327826 0.098544
v -0.017473 0.328012 0.098794
v -0.017789 0.328124 0.099162
v -0.013582 0.329525 0.101648
v -0.013350 0.329494 0.101160
v -0.013253 0.329558 0.100631
v -0.013300 0.329709 0.100114
v -0.013486 0.329934 0.099658
v -0.013794 0.330211 0.099309
v -0.014193 0.330512 0.099100
v -0.014644 0.330807 0.099053
v -0.015103 0.331068 0.099171
v -0.015525 0.331270 0.099444
v -0.015869 0.331392 0.099844
v -0.011286 0.332947 0.102547
v -0.011036 0.332913 0.102019
v -0.010931 0.332982 0.101448
v -0.010981 0.333146 0.100889
v -0.011183 0.333389 0.100397
v -0.011515 0.333688 0.100020
v -0.011946 0.334013 0.099794
v -0.012434 0.334332 0.099743
v -0.012930 0.334614 0.099871
v -0.013386 0.334832 0.100165
v -0.013757 0.334964 0.100597
v -0.009398 0.335944 0.103255
v -0.009147 0.335911 0.102727
v -0.009042 0.335979 0.102156
v -0.009093 0.336143 0.101597
v -0.009294 0.336387 0.101105
v -0.009627 0.336685 0.100727
v -0.010058 0.337010 0.100502
v -0.010545 0.337329 0.100451
v -0.011041 0.337612 0.100579
v -0.011497 0.337829 0.100873
v -0.011868 0.337961 0.101305
v -0.006595 0.340391 0.104305
v -0.006344 0.340358 0.103778
v -0.006239 0.340427 0.103206
v -0.006290 0.340591 0.102647
v -0.006491 0.340834 0.102155
v -0.006824 0.341133 0.101778
v -0.007255 0.341457 0.101553
v -0.007742 0.341777 0.101501
v -0.008238 0.342059 0.101629
v -0.008694 0.342277 0.101923
v -0.009066 0.342409 0.102355
v -0.003061 0.345999 0.105630
v -0.002811 0.345966 0.105102
v -0.002706 0.346034 0.104531
v -0.002756 0.346198 0.103972
v -0.002958 0.346442 0.103480
v -0.003290 0.346740 0.103102
v -0.003721 0.347065 0.102877
v -0.004209 0.347384 0.102826
v -0.004705 0.347667 0.102954
v -0.005161 0.347885 0.103248
v -0.005532 0.348017 0.103680
v 0.001021 0.352477 0.107159
v 0.001271 0.352444 0.106632
v 0.001376 0.352512 0.106061
v 0.001326 0.352676 0.105502
v 0.001124 0.352919 0.105010
v 0.000792 0.353218 0.104632
v 0.000361 0.353543 0.104407
v -0.000127 0.353862 0.104356
v -0.000623 0.354144 0.104484
v -0.001079 0.354362 0.104778
v -0.001450 0.354494 0.105210
v 0.005468 0.359535 0.108826
v 0.005719 0.359501 0.108299
v 0.005824 0.359570 0.107728
v 0.005773 0.359734 0.107169
v 0.005572 0.359977 0.106677
v 0.005239 0.360276 0.106299
v 0.004808 0.360601 0.106074
v 0.004321 0.360920 0.106023
v 0.003825 0.361202 0.106151
v 0.003369 0.361420 0.106445
v 0.002998 0.361552 0.106877
v 0.010099 0.366883 0.110562
v 0.010349 0.366849 0.110035
v 0.010454 0.366918 0.109463
v 0.010404 0.367082 0.108904
v 0.010202 0.367325 0.108412
v 0.009870 0.367624 0.108035
v 0.009439 0.367949 0.107810
v 0.008951 0.368268 0.107758
v 0.008455 0.368550 0.107886
v 0.007999 0.368768 0.108180
v 0.007628 0.368900 0.108612
v 0.014729 0.374231 0.112297
v 0.014980 0.374197 0.111770
v 0.015085 0.374266 0.111199
v 0.015034 0.374430 0.110640
v 0.014833 0.374673 0.110148
v 0.014500 0.374972 0.109770
v 0.014069 0.375297 0.109545
v 0.013582 0.375616 0.109494
v 0.013086 0.375898 0.109622
v 0.012630 0.376116 0.109916
v 0.012258 0.376248 0.110348
v 0.019177 0.381289 0.113964
v 0.019427 0.381255 0.113437
v 0.019532 0.381324 0.112866
v 0.019482 0.381488 0.112307
v 0.019280 0.381731 0.111815
v 0.018948 0.382030 0.111437
v 0.018517 0.382355 0.111212
v 0.018029 0.382674 0.111161
v 0.017533 0.382956 0.111289
v 0.017077 0.383174 0.111583
v 0.016706 0.383306 0.112015
v 0.023259 0.387766 0.115494
v 0.023509 0.387733 0.114967
v 0.023614 0.387802 0.114396
v 0.023564 0.387966 0.113837
v 0.023362 0.388209 0.113344
v 0.023030 0.388508 0.112967
v 0.022599 0.388832 0.112742
v 0.022111 0.389152 0.112691
v 0.021615 0.389434 0.112819
v 0.021159 0.389652 0.113113
v 0.020788 0.389784 0.113545
v 0.026792 0.393374 0.116819
v 0.027043 0.393341 0.116291
v 0.027148 0.393409 0.115720
v 0.027097 0.393573 0.115161
v 0.026896 0.393817 0.114669
v 0.026563 0.394115 0.114292
v 0.026132 0.394440 0.114066
v 0.025645 0.394759 0.114015
v 0.025149 0.395042 0.114143
v 0.024693 0.395259 0.114437
v 0.024322 0.395391 0.114869
v 0.068849 0.460114 0.132582
v 0.069100 0.460081 0.132055
v 0.069205 0.460149 0.131483
v 0.069154 0.460313 0.130924
v 0.068953 0.460556 0.130432
v 0.068620 0.460855 0.130055
v 0.068189 0.461180 0.129830
v 0.067702 0.461499 0.129778
v 0.067206 0.461781 0.129906
v 0.066750 0.461999 0.130200
v 0.066378 0.462131 0.130632
v 0.070738 0.463111 0.133290
v 0.070986 0.463074 0.132762
v 0.071088 0.463139 0.132190
v 0.071036 0.463300 0.131630
v 0.070833 0.463541 0.131137
v 0.070500 0.463839 0.130760
v 0.070070 0.464164 0.130535
v 0.069584 0.464485 0.130484
v 0.069090 0.464771 0.130612
v 0.068636 0.464992 0.130907
v 0.068267 0.465129 0.131340
v 0.071402 0.464165 0.133539
v 0.071653 0.464112 0.132990
v 0.071749 0.464165 0.132415
v 0.071690 0.464317 0.131853
v 0.071484 0.464553 0.131359
v 0.071150 0.464849 0.130982
v 0.070721 0.465176 0.130757
v 0.070238 0.465503 0.130707
v 0.069750 0.465797 0.130838
v 0.069303 0.466030 0.131135
v 0.068931 0.466182 0.131589
v 0.072028 0.465158 0.133773
v 0.072302 0.465079 0.133169
v 0.072387 0.465118 0.132591
v 0.072321 0.465258 0.132027
v 0.072109 0.465486 0.131532
v 0.071773 0.465779 0.131154
v 0.071346 0.466109 0.130930
v 0.070869 0.466444 0.130881
v 0.070388 0.466750 0.131014
v 0.069952 0.466998 0.131314
v 0.069557 0.467176 0.131824
v 0.072623 0.466103 0.133997
v 0.072941 0.465994 0.133306
v 0.073016 0.466017 0.132726
v 0.072941 0.466146 0.132161
v 0.072724 0.466366 0.131664
v 0.072386 0.466657 0.131286
v 0.071961 0.466990 0.131062
v 0.071489 0.467332 0.131015
v 0.071017 0.467650 0.131149
v 0.070591 0.467912 0.131452
v 0.070153 0.468121 0.132047
v 0.073196 0.467012 0.134211
v 0.073575 0.466868 0.133407
v 0.073640 0.466878 0.132826
v 0.073557 0.466996 0.132259
v 0.073336 0.467209 0.131762
v 0.072996 0.467498 0.131383
v 0.072572 0.467833 0.131159
v 0.072105 0.468182 0.131113
v 0.071641 0.468511 0.131249
v 0.071225 0.468787 0.131553
v 0.070725 0.469030 0.132262
v 0.073754 0.467897 0.134420
v 0.074211 0.467716 0.133479
v 0.074267 0.467714 0.132896
v 0.074177 0.467822 0.132329
v 0.073951 0.468030 0.131831
v 0.073610 0.468316 0.131452
v 0.073188 0.468653 0.131228
v 0.072725 0.469008 0.131183
v 0.072268 0.469347 0.131319
v 0.071861 0.469635 0.131624
v 0.071283 0.469914 0.132471
v 0.074303 0.468769 0.134626
v 0.074855 0.468550 0.133526
v 0.074903 0.468539 0.132943
v 0.074808 0.468639 0.132375
v 0.074578 0.468841 0.131877
v 0.074235 0.469126 0.131497
v 0.073814 0.469465 0.131274
v 0.073356 0.469825 0.131229
v 0.072904 0.470171 0.131366
v 0.072505 0.470469 0.131671
v 0.071832 0.470787 0.132677
v 0.075512 0.469384 0.133554
v 0.075556 0.469365 0.132971
v 0.075456 0.469460 0.132403
v 0.075223 0.469658 0.131905
v 0.074879 0.469942 0.131525
v 0.074459 0.470282 0.131302
v 0.074003 0.470645 0.131257
v 0.073557 0.470997 0.131394
v 0.073163 0.471302 0.131700
v 0.076190 0.470229 0.133570
v 0.076229 0.470206 0.132987
v 0.076127 0.470297 0.132419
v 0.075892 0.470493 0.131920
v 0.075548 0.470775 0.131541
v 0.075128 0.471116 0.131318
v 0.074674 0.471482 0.131273
v 0.074230 0.471838 0.131410
v 0.073840 0.472147 0.131716
v 0.076893 0.471098 0.133579
v 0.076931 0.471073 0.132996
v 0.076827 0.471163 0.132428
v 0.076591 0.471358 0.131930
v 0.076247 0.471640 0.131550
v 0.075827 0.471982 0.131327
v 0.075374 0.472348 0.131282
v 0.074932 0.472705 0.131419
v 0.074543 0.473017 0.131725
v 0.077626 0.472004 0.133588
v 0.077664 0.471979 0.133005
v 0.077561 0.472070 0.132436
v 0.077325 0.472265 0.131938
v 0.076981 0.472548 0.131558
v 0.076562 0.472889 0.131335
v 0.076108 0.473255 0.131290
v 0.075665 0.473612 0.131427
v 0.075276 0.473923 0.131733
v 0.078395 0.472958 0.133601
v 0.078435 0.472937 0.133018
v 0.078334 0.473029 0.132449
v 0.078099 0.473226 0.131951
v 0.077755 0.473509 0.131572
v 0.077336 0.473850 0.131349
v 0.076881 0.474215 0.131303
v 0.076436 0.474569 0.131440
v 0.076045 0.474877 0.131747
v 0.079205 0.473973 0.133625
v 0.079249 0.473956 0.133042
v 0.079150 0.474052 0.132474
v 0.078917 0.474252 0.131975
v 0.078574 0.474535 0.131596
v 0.078154 0.474875 0.131373
v 0.077698 0.475238 0.131328
v 0.077250 0.475589 0.131465
v 0.076855 0.475892 0.131771
v 0.080061 0.475061 0.133666
v 0.080109 0.475050 0.133083
v 0.080014 0.475151 0.132515
v 0.079784 0.475353 0.132017
v 0.079442 0.475638 0.131638
v 0.079021 0.475977 0.131415
v 0.078562 0.476337 0.131369
v 0.078110 0.476682 0.131506
v 0.077711 0.476980 0.131812
v 0.080968 0.476234 0.133730
v 0.081022 0.476230 0.133148
v 0.080931 0.476336 0.132580
v 0.080703 0.476542 0.132082
v 0.080362 0.476828 0.131703
v 0.079940 0.477165 0.131479
v 0.079478 0.477522 0.131434
v 0.079023 0.477862 0.131570
v 0.078618 0.478153 0.131876
v 0.081931 0.477504 0.133823
v 0.081991 0.477507 0.133241
v 0.081905 0.477619 0.132674
v 0.081680 0.477829 0.132176
v 0.081340 0.478116 0.131797
v 0.080917 0.478452 0.131574
v 0.080452 0.478805 0.131528
v 0.079992 0.479139 0.131664
v 0.079581 0.479423 0.131969
v 0.082956 0.478883 0.133951
v 0.083022 0.478894 0.133370
v 0.082940 0.479012 0.132803
v 0.082719 0.479226 0.132306
v 0.082379 0.479515 0.131927
v 0.081955 0.479849 0.131703
v 0.081488 0.480198 0.131657
v 0.081023 0.480526 0.131792
v 0.080606 0.480801 0.132096
v 0.084048 0.480383 0.134119
v 0.084120 0.480402 0.133539
v 0.084043 0.480527 0.132973
v 0.083824 0.480745 0.132476
v 0.083486 0.481035 0.132097
v 0.083061 0.481368 0.131874
v 0.082590 0.481713 0.131827
v 0.082121 0.482034 0.131962
v 0.081698 0.482302 0.132265
v 0.085212 0.482017 0.134334
v 0.085290 0.482044 0.133755
v 0.085217 0.482175 0.133190
v 0.085001 0.482397 0.132694
v 0.084664 0.482688 0.132315
v 0.084238 0.483020 0.132091
v 0.083765 0.483361 0.132044
v 0.083291 0.483676 0.132178
v 0.082862 0.483935 0.132480
v 0.086454 0.483796 0.134602
v 0.086537 0.483831 0.134024
v 0.086469 0.483968 0.133460
v 0.086256 0.484194 0.132964
v 0.085919 0.484487 0.132586
v 0.085492 0.484818 0.132362
v 0.085016 0.485154 0.132314
v 0.084538 0.485463 0.132447
v 0.084104 0.485715 0.132748
v 0.087779 0.485734 0.134928
v 0.087867 0.485777 0.134352
v 0.087803 0.485920 0.133788
v 0.087593 0.486150 0.133293
v 0.087257 0.486444 0.132915
v 0.086829 0.486773 0.132691
v 0.086350 0.487106 0.132642
v 0.085868 0.487409 0.132774
v 0.085429 0.487653 0.133074
v 0.089193 0.487843 0.135319
v 0.089285 0.487893 0.134744
v 0.089225 0.488041 0.134181
v 0.089017 0.488275 0.133687
v 0.088683 0.488570 0.133309
v 0.088254 0.488898 0.133084
v 0.087773 0.489227 0.133035
v 0.087286 0.489525 0.133166
v 0.086843 0.489762 0.133465
v 0.090700 0.490135 0.135780
v 0.090798 0.490191 0.135206
v 0.090741 0.490345 0.134645
v 0.090535 0.490582 0.134151
v 0.090201 0.490879 0.133773
v 0.089772 0.491206 0.133548
v 0.089288 0.491531 0.133499
v 0.088799 0.491823 0.133629
v 0.088351 0.492054 0.133926
v 0.092308 0.492622 0.136317
v 0.092409 0.492685 0.135744
v 0.092355 0.492844 0.135184
v 0.092152 0.493084 0.134691
v 0.091819 0.493382 0.134314
v 0.091388 0.493708 0.134089
v 0.090903 0.494030 0.134038
v 0.090410 0.494317 0.134167
v 0.089958 0.494541 0.134463
v 0.094018 0.495315 0.136935
v 0.094122 0.495381 0.136364
v 0.094070 0.495543 0.135804
v 0.093867 0.495785 0.135311
v 0.093535 0.496083 0.134934
v 0.093104 0.496408 0.134709
v 0.092617 0.496729 0.134658
v 0.092123 0.497013 0.134786
v 0.091668 0.497234 0.135081
v 0.096043 0.498505 0.137671
v 0.096145 0.498570 0.137099
v 0.096093 0.498731 0.136540
v 0.095890 0.498972 0.136047
v 0.095557 0.499270 0.135669
v 0.095126 0.499596 0.135444
v 0.094640 0.499917 0.135394
v 0.094146 0.500202 0.135522
v 0.093693 0.500424 0.135817
v 0.098044 0.501634 0.138373
v 0.098145 0.501697 0.137800
v 0.098092 0.501857 0.137240
v 0.097889 0.502097 0.136747
v 0.097556 0.502395 0.136370
v 0.097125 0.502721 0.136145
v 0.096640 0.503043 0.136094
v 0.096146 0.503329 0.136223
v 0.095694 0.503552 0.136519
v 0.099982 0.504666 0.139054
v 0.100085 0.504731 0.138482
v 0.100032 0.504892 0.137922
v 0.099830 0.505134 0.137429
v 0.099497 0.505432 0.137052
v 0.099066 0.505757 0.136827
v 0.098580 0.506078 0.136776
v 0.098086 0.506363 0.136905
v 0.097632 0.506584 0.137200
v 0.101816 0.507564 0.139728
v 0.101923 0.507635 0.139158
v 0.101873 0.507801 0.138599
v 0.101672 0.508045 0.138107
v 0.101340 0.508344 0.137730
v 0.100909 0.508669 0.137505
v 0.100421 0.508987 0.137453
v 0.099924 0.509267 0.137580
v 0.099466 0.509483 0.137874
v 0.103505 0.510291 0.140410
v 0.103618 0.510373 0.139842
v 0.103574 0.510547 0.139286
v 0.103376 0.510797 0.138795
v 0.103045 0.511098 0.138418
v 0.102613 0.511420 0.138193
v 0.102121 0.511733 0.138140
v 0.101619 0.512005 0.138265
v 0.101155 0.512210 0.138556
v 0.105008 0.512812 0.141114
v 0.105131 0.512911 0.140551
v 0.105095 0.513099 0.139998
v 0.104903 0.513357 0.139510
v 0.104573 0.513661 0.139134
v 0.104139 0.513981 0.138908
v 0.103643 0.514285 0.138852
v 0.103132 0.514543 0.138974
v 0.102658 0.514731 0.139260
v 0.106284 0.515091 0.141856
v 0.106423 0.515218 0.141302
v 0.106398 0.515428 0.140756
v 0.106214 0.515700 0.140273
v 0.105888 0.516009 0.139899
v 0.105451 0.516324 0.139670
v 0.104946 0.516613 0.139610
v 0.104424 0.516850 0.139724
v 0.103934 0.517010 0.140001
v 0.106982 0.517019 0.143142
v 0.107294 0.517099 0.142653
v 0.107454 0.517270 0.142118
v 0.107447 0.517515 0.141587
v 0.107274 0.517810 0.141112
v 0.106951 0.518126 0.140741
v 0.106511 0.518433 0.140510
v 0.105995 0.518700 0.140441
v 0.105455 0.518902 0.140540
v 0.104944 0.519018 0.140799
v 0.104511 0.519037 0.141192
v 0.107651 0.518649 0.143980
v 0.107995 0.518809 0.143534
v 0.108184 0.519053 0.143037
v 0.108200 0.519355 0.142537
v 0.108042 0.519687 0.142083
v 0.107724 0.520016 0.141718
v 0.107278 0.520311 0.141480
v 0.106748 0.520541 0.141391
v 0.106185 0.520685 0.141460
v 0.105645 0.520728 0.141680
v 0.105180 0.520667 0.142030
v 0.107963 0.519912 0.144891
v 0.108335 0.520200 0.144543
v 0.108549 0.520558 0.144133
v 0.108585 0.520951 0.143701
v 0.108439 0.521342 0.143291
v 0.108125 0.521691 0.142943
v 0.107675 0.521965 0.142689
v 0.107132 0.522137 0.142556
v 0.106550 0.522190 0.142555
v 0.105985 0.522118 0.142688
v 0.105493 0.521930 0.142942
v 0.107876 0.520771 0.145890
v 0.108226 0.521211 0.145727
v 0.108420 0.521706 0.145485
v 0.108440 0.522209 0.145187
v 0.108284 0.522670 0.144862
v 0.107967 0.523044 0.144543
v 0.107520 0.523293 0.144260
v 0.106987 0.523395 0.144041
v 0.106421 0.523339 0.143908
v 0.105876 0.523130 0.143873
v 0.105406 0.522788 0.143940
v -0.033510 0.300407 0.093822
v -0.033559 0.300431 0.093854
v -0.033612 0.300461 0.093868
v -0.033665 0.300496 0.093862
v -0.033712 0.300531 0.093838
v -0.033748 0.300563 0.093797
v -0.033769 0.300589 0.093744
v -0.033775 0.300607 0.093684
v -0.033763 0.300614 0.093622
v -0.031529 0.303383 0.094645
v -0.031612 0.303423 0.094699
v -0.031703 0.303474 0.094722
v -0.031792 0.303532 0.094713
v -0.031870 0.303592 0.094672
v -0.031931 0.303646 0.094603
v -0.031967 0.303690 0.094513
v -0.031977 0.303720 0.094411
v -0.031958 0.303733 0.094307
v -0.029688 0.306138 0.095416
v -0.029805 0.306194 0.095491
v -0.029932 0.306266 0.095524
v -0.030057 0.306348 0.095511
v -0.030168 0.306431 0.095453
v -0.030253 0.306508 0.095356
v -0.030305 0.306571 0.095230
v -0.030318 0.306613 0.095087
v -0.030291 0.306630 0.094940
v -0.027953 0.308724 0.096147
v -0.028104 0.308796 0.096244
v -0.028268 0.308890 0.096286
v -0.028429 0.308995 0.096269
v -0.028572 0.309103 0.096195
v -0.028682 0.309202 0.096070
v -0.028749 0.309282 0.095907
v -0.028765 0.309336 0.095722
v -0.028731 0.309359 0.095533
v -0.026291 0.311194 0.096850
v -0.026476 0.311283 0.096969
v -0.026677 0.311397 0.097021
v -0.026874 0.311527 0.097000
v -0.027049 0.311658 0.096909
v -0.027184 0.311779 0.096756
v -0.027265 0.311878 0.096557
v -0.027286 0.311944 0.096330
v -0.027243 0.311972 0.096099
v -0.024669 0.313601 0.097539
v -0.024888 0.313706 0.097680
v -0.025125 0.313841 0.097741
v -0.025359 0.313994 0.097716
v -0.025566 0.314150 0.097608
v -0.025725 0.314293 0.097427
v -0.025822 0.314410 0.097191
v -0.025846 0.314489 0.096923
v -0.025796 0.314522 0.096649
v -0.023054 0.315997 0.098224
v -0.023306 0.316118 0.098387
v -0.023581 0.316274 0.098458
v -0.023851 0.316451 0.098430
v -0.024090 0.316631 0.098305
v -0.024274 0.316796 0.098096
v -0.024386 0.316931 0.097823
v -0.024414 0.317022 0.097514
v -0.024356 0.317060 0.097197
v -0.021413 0.318434 0.098920
v -0.021699 0.318571 0.099105
v -0.022011 0.318748 0.099185
v -0.022317 0.318949 0.099153
v -0.022588 0.319153 0.099011
v -0.022797 0.319341 0.098774
v -0.022923 0.319494 0.098465
v -0.022955 0.319597 0.098114
v -0.022889 0.319640 0.097755
v -0.019712 0.320965 0.099638
v -0.020033 0.321118 0.099844
v -0.020381 0.321317 0.099934
v -0.020724 0.321541 0.099898
v -0.021027 0.321769 0.099740
v -0.021260 0.321979 0.099475
v -0.021402 0.322150 0.099129
v -0.021437 0.322265 0.098736
v -0.021364 0.322313 0.098335
v -0.017920 0.323643 0.100390
v -0.018274 0.323812 0.100619
v -0.018660 0.324031 0.100718
v -0.019038 0.324279 0.100678
v -0.019373 0.324532 0.100503
v -0.019632 0.324764 0.100210
v -0.019788 0.324953 0.099828
v -0.019827 0.325080 0.099393
v -0.019746 0.325134 0.098949
v -0.016002 0.326519 0.101189
v -0.016390 0.326705 0.101440
v -0.016812 0.326945 0.101549
v -0.017227 0.327217 0.101505
v -0.017594 0.327493 0.101313
v -0.017877 0.327748 0.100992
v -0.018049 0.327955 0.100573
v -0.018092 0.328094 0.100097
v -0.018003 0.328153 0.099611
v -0.013926 0.329647 0.102048
v -0.014348 0.329849 0.102321
v -0.014807 0.330110 0.102439
v -0.015258 0.330406 0.102391
v -0.015657 0.330706 0.102183
v -0.015965 0.330983 0.101834
v -0.016151 0.331208 0.101378
v -0.016198 0.331360 0.100860
v -0.016101 0.331423 0.100332
v -0.011658 0.333079 0.102979
v -0.012114 0.333297 0.103273
v -0.012610 0.333579 0.103401
v -0.013097 0.333898 0.103349
v -0.013528 0.334223 0.103124
v -0.013861 0.334522 0.102747
v -0.014062 0.334765 0.102255
v -0.014113 0.334929 0.101696
v -0.014008 0.334998 0.101124
v -0.009769 0.336076 0.103687
v -0.010225 0.336294 0.103981
v -0.010721 0.336576 0.104109
v -0.011208 0.336895 0.104057
v -0.011639 0.337220 0.103832
v -0.011972 0.337519 0.103455
v -0.012173 0.337762 0.102963
v -0.012224 0.337926 0.102404
v -0.012119 0.337995 0.101832
v -0.006966 0.340524 0.104737
v -0.007422 0.340741 0.105031
v -0.007918 0.341024 0.105159
v -0.008406 0.341343 0.105108
v -0.008837 0.341668 0.104883
v -0.009169 0.341966 0.104505
v -0.009371 0.342210 0.104013
v -0.009421 0.342374 0.103454
v -0.009316 0.342442 0.102883
v -0.003433 0.346131 0.106061
v -0.003889 0.346349 0.106356
v -0.004385 0.346631 0.106484
v -0.004872 0.346951 0.106432
v -0.005303 0.347275 0.106207
v -0.005636 0.347574 0.105830
v -0.005837 0.347817 0.105338
v -0.005888 0.347981 0.104778
v -0.005783 0.348050 0.104207
v 0.000649 0.352609 0.107591
v 0.000193 0.352827 0.107886
v -0.000303 0.353109 0.108013
v -0.000790 0.353428 0.107962
v -0.001221 0.353753 0.107737
v -0.001554 0.354052 0.107360
v -0.001755 0.354295 0.106867
v -0.001806 0.354459 0.106308
v -0.001701 0.354528 0.105737
v 0.005097 0.359667 0.109258
v 0.004641 0.359885 0.109553
v 0.004145 0.360167 0.109680
v 0.003658 0.360486 0.109629
v 0.003227 0.360811 0.109404
v 0.002894 0.361110 0.109027
v 0.002693 0.361353 0.108534
v 0.002642 0.361517 0.107975
v 0.002747 0.361586 0.107404
v 0.009727 0.367015 0.110994
v 0.009271 0.367233 0.111288
v 0.008775 0.367515 0.111416
v 0.008288 0.367834 0.111365
v 0.007857 0.368159 0.111139
v 0.007524 0.368458 0.110762
v 0.007323 0.368701 0.110270
v 0.007272 0.368865 0.109711
v 0.007377 0.368934 0.109140
v 0.014358 0.374363 0.112729
v 0.013902 0.374581 0.113024
v 0.013406 0.374863 0.113151
v 0.012918 0.375182 0.113100
v 0.012487 0.375507 0.112875
v 0.012155 0.375806 0.112498
v 0.011953 0.376049 0.112005
v 0.011903 0.376213 0.111446
v 0.012008 0.376281 0.110875
v 0.018805 0.381421 0.114396
v 0.018349 0.381638 0.114691
v 0.017853 0.381921 0.114818
v 0.017366 0.382240 0.114767
v 0.016935 0.382565 0.114542
v 0.016602 0.382863 0.114165
v 0.016401 0.383107 0.113672
v 0.016350 0.383271 0.113113
v 0.016455 0.383339 0.112542
v 0.022887 0.387898 0.115926
v 0.022431 0.388116 0.116221
v 0.021935 0.388399 0.116348
v 0.021448 0.388718 0.116297
v 0.021017 0.389043 0.116072
v 0.020684 0.389341 0.115695
v 0.020483 0.389584 0.115202
v 0.020432 0.389748 0.114643
v 0.020537 0.389817 0.114072
v 0.026421 0.393506 0.117251
v 0.025965 0.393724 0.117545
v 0.025469 0.394006 0.117673
v 0.024982 0.394325 0.117622
v 0.024551 0.394650 0.117396
v 0.024218 0.394949 0.117019
v 0.024017 0.395192 0.116527
v 0.023966 0.395356 0.115968
v 0.024071 0.395425 0.115397
v 0.068478 0.460246 0.133014
v 0.068022 0.460464 0.133308
v 0.067526 0.460746 0.133436
v 0.067038 0.461065 0.133385
v 0.066607 0.461390 0.133160
v 0.066275 0.461689 0.132782
v 0.066073 0.461932 0.132290
v 0.066023 0.462096 0.131731
v 0.066128 0.462165 0.131160
v 0.070364 0.463239 0.133721
v 0.069905 0.463453 0.134014
v 0.069408 0.463733 0.134141
v 0.068919 0.464050 0.134090
v 0.068488 0.464374 0.133864
v 0.068156 0.464673 0.133487
v 0.067955 0.464918 0.132995
v 0.067906 0.465085 0.132437
v 0.068014 0.465158 0.131867
v 0.071008 0.464283 0.133985
v 0.070543 0.464486 0.134275
v 0.070039 0.464756 0.134400
v 0.069547 0.465068 0.134347
v 0.069115 0.465390 0.134121
v 0.068784 0.465691 0.133744
v 0.068587 0.465942 0.133254
v 0.068544 0.466118 0.132698
v 0.068658 0.466202 0.132130
v 0.071590 0.465268 0.134267
v 0.071116 0.465456 0.134553
v 0.070605 0.465714 0.134674
v 0.070108 0.466018 0.134619
v 0.069674 0.466337 0.134392
v 0.069345 0.466641 0.134016
v 0.069153 0.466900 0.133528
v 0.069117 0.467088 0.132976
v 0.069240 0.467187 0.132413
v 0.072122 0.466211 0.134568
v 0.071639 0.466383 0.134849
v 0.071122 0.466630 0.134967
v 0.070621 0.466925 0.134909
v 0.070185 0.467242 0.134681
v 0.069857 0.467549 0.134306
v 0.069669 0.467815 0.133821
v 0.069640 0.468016 0.133272
v 0.069772 0.468130 0.132714
v 0.072614 0.467124 0.134889
v 0.072123 0.467282 0.135165
v 0.071600 0.467516 0.135279
v 0.071095 0.467805 0.135218
v 0.070658 0.468119 0.134990
v 0.070331 0.468429 0.134616
v 0.070148 0.468702 0.134133
v 0.070124 0.468914 0.133588
v 0.070264 0.469042 0.133035
v 0.073076 0.468018 0.135229
v 0.072579 0.468163 0.135501
v 0.072050 0.468388 0.135610
v 0.071542 0.468670 0.135547
v 0.071103 0.468982 0.135318
v 0.070778 0.469294 0.134945
v 0.070598 0.469574 0.134464
v 0.070580 0.469795 0.133923
v 0.070726 0.469937 0.133375
v 0.073517 0.468906 0.135589
v 0.073015 0.469041 0.135856
v 0.072482 0.469258 0.135962
v 0.071971 0.469535 0.135897
v 0.071532 0.469845 0.135667
v 0.071207 0.470158 0.135295
v 0.071030 0.470443 0.134816
v 0.071016 0.470673 0.134279
v 0.071167 0.470825 0.133735
v 0.073948 0.469800 0.135968
v 0.073441 0.469927 0.136232
v 0.072906 0.470137 0.136336
v 0.072393 0.470411 0.136269
v 0.071953 0.470719 0.136039
v 0.071629 0.471034 0.135667
v 0.071453 0.471323 0.135190
v 0.071443 0.471559 0.134655
v 0.071598 0.471718 0.134114
v 0.074377 0.470711 0.136367
v 0.073868 0.470833 0.136629
v 0.073331 0.471040 0.136731
v 0.072817 0.471310 0.136663
v 0.072377 0.471619 0.136432
v 0.072053 0.471934 0.136061
v 0.071879 0.472226 0.135585
v 0.071869 0.472465 0.135052
v 0.072027 0.472629 0.134513
v 0.074814 0.471651 0.136785
v 0.074305 0.471771 0.137046
v 0.073767 0.471976 0.137147
v 0.073252 0.472246 0.137079
v 0.072812 0.472553 0.136848
v 0.072489 0.472869 0.136477
v 0.072314 0.473162 0.136001
v 0.072306 0.473403 0.135469
v 0.072464 0.473569 0.134931
v 0.075269 0.472630 0.137222
v 0.074760 0.472751 0.137484
v 0.074222 0.472957 0.137585
v 0.073708 0.473227 0.137517
v 0.073268 0.473535 0.137286
v 0.072944 0.473850 0.136915
v 0.072770 0.474143 0.136439
v 0.072761 0.474384 0.135906
v 0.072919 0.474549 0.135368
v 0.075751 0.473661 0.137678
v 0.075244 0.473785 0.137941
v 0.074707 0.473993 0.138043
v 0.074193 0.474265 0.137976
v 0.073753 0.474573 0.137745
v 0.073430 0.474888 0.137373
v 0.073254 0.475179 0.136897
v 0.073245 0.475417 0.136363
v 0.073401 0.475580 0.135824
v 0.076270 0.474754 0.138152
v 0.075764 0.474883 0.138416
v 0.075229 0.475095 0.138521
v 0.074717 0.475368 0.138454
v 0.074277 0.475678 0.138224
v 0.073953 0.475992 0.137852
v 0.073777 0.476280 0.137375
v 0.073765 0.476515 0.136839
v 0.073920 0.476673 0.136297
v 0.076834 0.475919 0.138643
v 0.076332 0.476055 0.138910
v 0.075799 0.476271 0.139017
v 0.075288 0.476549 0.138952
v 0.074849 0.476859 0.138722
v 0.074525 0.477172 0.138349
v 0.074347 0.477457 0.137871
v 0.074333 0.477687 0.137333
v 0.074484 0.477838 0.136789
v 0.077453 0.477169 0.139151
v 0.076954 0.477311 0.139421
v 0.076425 0.477534 0.139530
v 0.075916 0.477815 0.139467
v 0.075477 0.478126 0.139237
v 0.075152 0.478438 0.138864
v 0.074972 0.478720 0.138384
v 0.074955 0.478943 0.137844
v 0.075103 0.479087 0.137297
v 0.078137 0.478513 0.139675
v 0.077642 0.478663 0.139949
v 0.077116 0.478892 0.140060
v 0.076609 0.479177 0.139998
v 0.076171 0.479490 0.139769
v 0.075845 0.479801 0.139396
v 0.075663 0.480078 0.138914
v 0.075643 0.480296 0.138372
v 0.075787 0.480431 0.137821
v 0.078894 0.479963 0.140216
v 0.078404 0.480122 0.140492
v 0.077881 0.480357 0.140606
v 0.077376 0.480646 0.140546
v 0.076939 0.480961 0.140317
v 0.076613 0.481270 0.139943
v 0.076429 0.481543 0.139460
v 0.076405 0.481754 0.138915
v 0.076544 0.481881 0.138361
v 0.079735 0.481530 0.140772
v 0.079249 0.481697 0.141051
v 0.078730 0.481939 0.141167
v 0.078227 0.482233 0.141108
v 0.077791 0.482549 0.140881
v 0.077464 0.482856 0.140506
v 0.077278 0.483125 0.140021
v 0.077250 0.483329 0.139474
v 0.077385 0.483448 0.138917
v 0.080668 0.483225 0.141343
v 0.080187 0.483400 0.141625
v 0.079671 0.483649 0.141743
v 0.079171 0.483947 0.141686
v 0.078736 0.484264 0.141459
v 0.078408 0.484570 0.141083
v 0.078219 0.484835 0.140597
v 0.078188 0.485032 0.140048
v 0.078319 0.485143 0.139488
v 0.081704 0.485059 0.141929
v 0.081227 0.485243 0.142213
v 0.080715 0.485498 0.142334
v 0.080217 0.485800 0.142278
v 0.079783 0.486119 0.142051
v 0.079454 0.486423 0.141675
v 0.079263 0.486684 0.141188
v 0.079229 0.486875 0.140636
v 0.079354 0.486978 0.140074
v 0.082851 0.487044 0.142529
v 0.082379 0.487236 0.142816
v 0.081870 0.487497 0.142938
v 0.081375 0.487803 0.142883
v 0.080941 0.488123 0.142657
v 0.080611 0.488426 0.142281
v 0.080418 0.488683 0.141792
v 0.080380 0.488868 0.141239
v 0.080501 0.488963 0.140675
v 0.084120 0.489192 0.143144
v 0.083652 0.489390 0.143433
v 0.083147 0.489657 0.143557
v 0.082653 0.489967 0.143503
v 0.082220 0.490288 0.143277
v 0.081890 0.490590 0.142900
v 0.081694 0.490843 0.142411
v 0.081653 0.491022 0.141856
v 0.081770 0.491110 0.141289
v 0.085519 0.491512 0.143772
v 0.085055 0.491718 0.144063
v 0.084553 0.491990 0.144189
v 0.084062 0.492303 0.144136
v 0.083629 0.492626 0.143910
v 0.083298 0.492927 0.143533
v 0.083101 0.493176 0.143043
v 0.083056 0.493350 0.142486
v 0.083169 0.493431 0.141918
v 0.087058 0.494018 0.144414
v 0.086598 0.494230 0.144707
v 0.086099 0.494508 0.144834
v 0.085610 0.494824 0.144782
v 0.085178 0.495147 0.144556
v 0.084846 0.495447 0.144179
v 0.084647 0.495693 0.143688
v 0.084599 0.495862 0.143130
v 0.084708 0.495937 0.142560
v 0.088745 0.496717 0.145069
v 0.088287 0.496932 0.145363
v 0.087790 0.497212 0.145490
v 0.087302 0.497530 0.145439
v 0.086870 0.497855 0.145213
v 0.086538 0.498154 0.144836
v 0.086338 0.498398 0.144344
v 0.086288 0.498564 0.143786
v 0.086395 0.498636 0.143215
v 0.090745 0.499914 0.145842
v 0.090287 0.500128 0.146135
v 0.089789 0.500407 0.146262
v 0.089300 0.500724 0.146210
v 0.088869 0.501048 0.145985
v 0.088537 0.501348 0.145608
v 0.088337 0.501593 0.145116
v 0.088288 0.501760 0.144558
v 0.088396 0.501832 0.143988
v 0.092696 0.503056 0.146621
v 0.092236 0.503268 0.146914
v 0.091738 0.503546 0.147041
v 0.091249 0.503863 0.146989
v 0.090817 0.504187 0.146764
v 0.090485 0.504486 0.146387
v 0.090285 0.504732 0.145895
v 0.090237 0.504900 0.145337
v 0.090346 0.504974 0.144767
v 0.094587 0.506100 0.147376
v 0.094128 0.506315 0.147669
v 0.093631 0.506594 0.147796
v 0.093142 0.506912 0.147744
v 0.092711 0.507236 0.147519
v 0.092379 0.507535 0.147142
v 0.092178 0.507780 0.146650
v 0.092129 0.507947 0.146092
v 0.092237 0.508019 0.145521
v 0.096407 0.509002 0.148071
v 0.095953 0.509222 0.148366
v 0.095458 0.509506 0.148494
v 0.094971 0.509827 0.148443
v 0.094540 0.510152 0.148218
v 0.094208 0.510450 0.147841
v 0.094006 0.510692 0.147348
v 0.093954 0.510854 0.146788
v 0.094057 0.510921 0.146217
v 0.098147 0.511716 0.148674
v 0.097699 0.511946 0.148971
v 0.097210 0.512239 0.149101
v 0.096727 0.512565 0.149052
v 0.096297 0.512892 0.148827
v 0.095963 0.513188 0.148449
v 0.095758 0.513425 0.147955
v 0.095700 0.513579 0.147394
v 0.095797 0.513634 0.146820
v 0.099796 0.514197 0.149152
v 0.099360 0.514445 0.149452
v 0.098880 0.514751 0.149585
v 0.098402 0.515085 0.149537
v 0.097975 0.515416 0.149312
v 0.097639 0.515709 0.148934
v 0.097427 0.515937 0.148439
v 0.097361 0.516077 0.147875
v 0.097447 0.516116 0.147298
v 0.101347 0.516404 0.149470
v 0.100930 0.516678 0.149774
v 0.100464 0.517005 0.149909
v 0.099996 0.517353 0.149863
v 0.099572 0.517688 0.149639
v 0.099233 0.517977 0.149261
v 0.099012 0.518191 0.148763
v 0.098931 0.518310 0.148197
v 0.098997 0.518323 0.147616
v 0.103088 0.518054 0.149148
v 0.102795 0.518295 0.149593
v 0.102409 0.518611 0.149899
v 0.101969 0.518971 0.150036
v 0.101518 0.519340 0.149991
v 0.101099 0.519682 0.149768
v 0.100754 0.519964 0.149388
v 0.100517 0.520157 0.148890
v 0.100410 0.520243 0.148322
v 0.100445 0.520214 0.147739
v 0.100617 0.520072 0.147198
v 0.104370 0.519522 0.149041
v 0.104141 0.519834 0.149479
v 0.103813 0.520215 0.149779
v 0.103419 0.520626 0.149911
v 0.102997 0.521028 0.149863
v 0.102589 0.521382 0.149639
v 0.102234 0.521652 0.149260
v 0.101967 0.521812 0.148765
v 0.101814 0.521847 0.148202
v 0.101791 0.521753 0.147625
v 0.101899 0.521539 0.147092
v 0.105511 0.520564 0.148674
v 0.105399 0.520980 0.149070
v 0.105178 0.521454 0.149332
v 0.104868 0.521939 0.149434
v 0.104500 0.522389 0.149366
v 0.104110 0.522759 0.149135
v 0.103737 0.523012 0.148764
v 0.103416 0.523125 0.148288
v 0.103179 0.523086 0.147755
v 0.103049 0.522899 0.147216
v 0.103040 0.522582 0.146725
v 0.106499 0.521137 0.148014
v 0.106569 0.521651 0.148283
v 0.106510 0.522214 0.148431
v 0.106329 0.522770 0.148442
v 0.106045 0.523265 0.148316
v 0.105683 0.523651 0.148065
v 0.105281 0.523889 0.147713
v 0.104877 0.523956 0.147296
v 0.104511 0.523846 0.146853
v 0.104219 0.523570 0.146429
v 0.104029 0.523154 0.146064
v 0.073158 0.471548 0.133405
v 0.074512 0.470443 0.134473
v 0.073684 0.471351 0.133780
v 0.074179 0.470947 0.134171
v 0.074527 0.471318 0.135205
v 0.073280 0.472336 0.134221
v 0.074256 0.471690 0.134787
v 0.073799 0.472063 0.134427
v 0.074922 0.472153 0.135548
v 0.073689 0.473159 0.134575
v 0.074639 0.472479 0.135110
v 0.074188 0.472848 0.134754
v 0.075376 0.473130 0.135985
v 0.074143 0.474137 0.135011
v 0.075093 0.473457 0.135547
v 0.074642 0.473825 0.135191
v 0.075856 0.474155 0.136438
v 0.074622 0.475162 0.135464
v 0.075572 0.474480 0.136000
v 0.075120 0.474849 0.135643
v 0.076369 0.475238 0.136908
v 0.075135 0.476246 0.135934
v 0.076085 0.475562 0.136469
v 0.075633 0.475931 0.136112
v 0.076928 0.476391 0.137394
v 0.075693 0.477399 0.136420
v 0.076642 0.476713 0.136954
v 0.076190 0.477082 0.136597
v 0.077540 0.477625 0.137896
v 0.076305 0.478633 0.136922
v 0.077253 0.477945 0.137455
v 0.076801 0.478314 0.137098
v 0.078215 0.478953 0.138414
v 0.076980 0.479962 0.137440
v 0.077927 0.479271 0.137972
v 0.077475 0.479640 0.137615
v 0.078964 0.480387 0.138949
v 0.077729 0.481395 0.137974
v 0.078674 0.480701 0.138505
v 0.078222 0.481070 0.138149
v 0.079796 0.481937 0.139499
v 0.078561 0.482945 0.138524
v 0.079505 0.482249 0.139054
v 0.079053 0.482618 0.138698
v 0.080720 0.483615 0.140064
v 0.079485 0.484624 0.139089
v 0.080428 0.483924 0.139619
v 0.079976 0.484294 0.139262
v 0.081747 0.485434 0.140645
v 0.080512 0.486442 0.139670
v 0.081453 0.485740 0.140199
v 0.081001 0.486109 0.139842
v 0.082885 0.487404 0.141241
v 0.081650 0.488412 0.140266
v 0.082590 0.487708 0.140794
v 0.082138 0.488077 0.140437
v 0.084145 0.489537 0.141851
v 0.082910 0.490545 0.140876
v 0.083848 0.489838 0.141404
v 0.083396 0.490207 0.141047
v 0.085536 0.491844 0.142476
v 0.084301 0.492852 0.141501
v 0.085238 0.492143 0.142028
v 0.084786 0.492512 0.141671
v 0.087067 0.494337 0.143115
v 0.085832 0.495345 0.142140
v 0.086768 0.494634 0.142666
v 0.086316 0.495003 0.142310
v 0.088750 0.497029 0.143768
v 0.087515 0.498037 0.142794
v 0.088450 0.497325 0.143319
v 0.087998 0.497694 0.142963
v 0.090752 0.500228 0.144541
v 0.089517 0.501236 0.143567
v 0.090452 0.500525 0.144093
v 0.090000 0.500894 0.143736
v 0.092704 0.503373 0.145321
v 0.091469 0.504381 0.144347
v 0.092404 0.503670 0.144873
v 0.091952 0.504039 0.144516
v 0.094593 0.506413 0.146075
v 0.093358 0.507422 0.145100
v 0.094293 0.506710 0.145626
v 0.093841 0.507079 0.145269
v 0.096406 0.509304 0.146767
v 0.095171 0.510312 0.145793
v 0.096105 0.509598 0.146318
v 0.095653 0.509968 0.145962
v 0.098132 0.511997 0.147366
v 0.096898 0.513005 0.146392
v 0.097829 0.512288 0.146916
v 0.097377 0.512657 0.146560
v 0.099759 0.514444 0.147837
v 0.098524 0.515452 0.146863
v 0.099452 0.514729 0.147386
v 0.099000 0.515098 0.147030
v 0.101128 0.516422 0.148209
v 0.099851 0.517464 0.147202
v 0.100743 0.516644 0.147754
v 0.100275 0.517026 0.147385
v 0.105067 0.515374 0.142134
v 0.103790 0.516417 0.141126
v 0.104533 0.515637 0.141909
v 0.104065 0.516018 0.141540
v 0.103854 0.513355 0.141520
v 0.102619 0.514363 0.140546
v 0.103366 0.513689 0.141349
v 0.102914 0.514058 0.140992
v 0.102372 0.510870 0.140826
v 0.101138 0.511878 0.139852
v 0.101887 0.511209 0.140657
v 0.101436 0.511578 0.140300
v 0.100696 0.508163 0.140150
v 0.099462 0.509171 0.139176
v 0.100214 0.508506 0.139981
v 0.099762 0.508875 0.139624
v 0.098869 0.505276 0.139478
v 0.097635 0.506285 0.138504
v 0.098388 0.505621 0.139310
v 0.097936 0.505990 0.138953
v 0.096933 0.502248 0.138798
v 0.095699 0.503256 0.137823
v 0.096452 0.502594 0.138629
v 0.096000 0.502963 0.138273
v 0.094931 0.499117 0.138096
v 0.093696 0.500125 0.137121
v 0.094449 0.499462 0.137927
v 0.093997 0.499831 0.137571
v 0.092905 0.495924 0.137359
v 0.091670 0.496933 0.136385
v 0.092423 0.496269 0.137191
v 0.091971 0.496638 0.136834
v 0.091199 0.493238 0.136742
v 0.089964 0.494247 0.135768
v 0.090718 0.493584 0.136574
v 0.090266 0.493953 0.136217
v 0.089600 0.490763 0.136208
v 0.088364 0.491772 0.135233
v 0.089120 0.491111 0.136040
v 0.088668 0.491480 0.135683
v 0.088101 0.488485 0.135750
v 0.086866 0.489493 0.134775
v 0.087622 0.488835 0.135582
v 0.087170 0.489204 0.135226
v 0.086697 0.486390 0.135362
v 0.085462 0.487399 0.134387
v 0.086220 0.486743 0.135195
v 0.085768 0.487112 0.134838
v 0.085382 0.484467 0.135038
v 0.084147 0.485476 0.134064
v 0.084907 0.484822 0.134871
v 0.084455 0.485191 0.134515
v 0.084151 0.482703 0.134773
v 0.082916 0.483712 0.133798
v 0.083678 0.483060 0.134606
v 0.083225 0.483430 0.134250
v 0.082998 0.481085 0.134560
v 0.081763 0.482094 0.133585
v 0.082526 0.481445 0.134394
v 0.082074 0.481814 0.134037
v 0.081918 0.479601 0.134393
v 0.080683 0.480610 0.133418
v 0.081448 0.479964 0.134227
v 0.080996 0.480333 0.133871
v 0.080904 0.478238 0.134267
v 0.079669 0.479247 0.133292
v 0.080437 0.478603 0.134101
v 0.079985 0.478972 0.133745
v 0.079952 0.476984 0.134175
v 0.078717 0.477992 0.133201
v 0.079486 0.477351 0.134010
v 0.079034 0.477720 0.133653
v 0.079056 0.475825 0.134112
v 0.077821 0.476833 0.133137
v 0.078592 0.476194 0.133946
v 0.078140 0.476563 0.133590
v 0.078209 0.474749 0.134071
v 0.076974 0.475757 0.133097
v 0.077746 0.475120 0.133906
v 0.077295 0.475489 0.133549
v 0.077406 0.473743 0.134047
v 0.076172 0.474750 0.133073
v 0.076945 0.474115 0.133882
v 0.076493 0.474484 0.133526
v 0.076641 0.472794 0.134034
v 0.075407 0.473801 0.133060
v 0.076181 0.473167 0.133869
v 0.075729 0.473536 0.133513
v 0.075909 0.471890 0.134026
v 0.074676 0.472897 0.133053
v 0.075449 0.472264 0.133861
v 0.074998 0.472632 0.133505
v 0.075307 0.471111 0.134001
v 0.074061 0.472128 0.133017
v 0.074877 0.471525 0.133828
v 0.074421 0.471898 0.133468
v 0.074726 0.469938 0.134699
v 0.074643 0.469314 0.134754
v 0.074739 0.469608 0.134765
v 0.072177 0.471328 0.132805
v 0.072670 0.471617 0.133076
v 0.072391 0.471525 0.132911
v 0.076116 0.470285 0.133794
v 0.075783 0.470606 0.134075
v 0.075992 0.470424 0.133999
v 0.073710 0.472299 0.132439
v 0.073717 0.472244 0.131900
v 0.073659 0.472329 0.132158
v 0.076819 0.471155 0.133805
v 0.076459 0.471444 0.134090
v 0.076671 0.471273 0.134019
v 0.074383 0.473139 0.132451
v 0.074419 0.473115 0.131911
v 0.074336 0.473179 0.132177
v 0.077551 0.472061 0.133815
v 0.077192 0.472348 0.134098
v 0.077404 0.472178 0.134028
v 0.075115 0.474044 0.132459
v 0.075150 0.474022 0.131921
v 0.075069 0.474085 0.132185
v 0.078319 0.473015 0.133830
v 0.077958 0.473299 0.134111
v 0.078170 0.473130 0.134041
v 0.075881 0.474995 0.132472
v 0.075918 0.474975 0.131935
v 0.075835 0.475037 0.132199
v 0.079127 0.474028 0.133855
v 0.078762 0.474308 0.134135
v 0.078976 0.474141 0.134066
v 0.076686 0.476004 0.132496
v 0.076725 0.475989 0.131960
v 0.076641 0.476047 0.132223
v 0.079980 0.475114 0.133897
v 0.079612 0.475388 0.134176
v 0.079828 0.475223 0.134107
v 0.077535 0.477084 0.132537
v 0.077579 0.477074 0.132002
v 0.077492 0.477129 0.132264
v 0.080884 0.476283 0.133961
v 0.080512 0.476551 0.134239
v 0.080729 0.476389 0.134170
v 0.078435 0.478247 0.132601
v 0.078483 0.478244 0.132066
v 0.078394 0.478295 0.132328
v 0.081845 0.477549 0.134054
v 0.081467 0.477810 0.134332
v 0.081687 0.477651 0.134263
v 0.079390 0.479506 0.132693
v 0.079443 0.479510 0.132159
v 0.079352 0.479558 0.132420
v 0.082867 0.478924 0.134182
v 0.082484 0.479178 0.134458
v 0.082706 0.479022 0.134390
v 0.080407 0.480874 0.132820
v 0.080465 0.480886 0.132287
v 0.080371 0.480928 0.132547
v 0.083956 0.480421 0.134350
v 0.083568 0.480667 0.134626
v 0.083792 0.480514 0.134558
v 0.081491 0.482363 0.132987
v 0.081554 0.482382 0.132455
v 0.081457 0.482421 0.132715
v 0.085118 0.482051 0.134565
v 0.084724 0.482290 0.134839
v 0.084950 0.482139 0.134772
v 0.082647 0.483985 0.133201
v 0.082716 0.484012 0.132670
v 0.082615 0.484046 0.132929
v 0.086357 0.483827 0.134833
v 0.085958 0.484058 0.135105
v 0.086187 0.483911 0.135039
v 0.083882 0.485754 0.133467
v 0.083955 0.485788 0.132937
v 0.083852 0.485818 0.133196
v 0.087679 0.485761 0.135158
v 0.087276 0.485986 0.135430
v 0.087507 0.485842 0.135364
v 0.085200 0.487682 0.133791
v 0.085277 0.487722 0.133263
v 0.085171 0.487749 0.133521
v 0.089091 0.487866 0.135548
v 0.088683 0.488085 0.135819
v 0.088915 0.487943 0.135753
v 0.086606 0.489780 0.134180
v 0.086689 0.489828 0.133653
v 0.086580 0.489850 0.133910
v 0.090596 0.490155 0.136009
v 0.090185 0.490367 0.136278
v 0.090419 0.490228 0.136212
v 0.088108 0.492063 0.134639
v 0.088194 0.492116 0.134113
v 0.088083 0.492135 0.134370
v 0.092201 0.492640 0.136545
v 0.091786 0.492846 0.136813
v 0.092022 0.492709 0.136748
v 0.089710 0.494542 0.135174
v 0.089799 0.494601 0.134650
v 0.089687 0.494616 0.134905
v 0.093911 0.495331 0.137163
v 0.093494 0.495534 0.137430
v 0.093730 0.495399 0.137366
v 0.091417 0.497230 0.135792
v 0.091509 0.497292 0.135268
v 0.091395 0.497306 0.135523
v 0.095936 0.498522 0.137899
v 0.095519 0.498726 0.138167
v 0.095755 0.498590 0.138102
v 0.093443 0.500422 0.136528
v 0.093534 0.500483 0.136004
v 0.093420 0.500497 0.136260
v 0.097937 0.501651 0.138601
v 0.097521 0.501857 0.138868
v 0.097757 0.501720 0.138804
v 0.095445 0.503552 0.137230
v 0.095535 0.503612 0.136706
v 0.095422 0.503627 0.136961
v 0.099875 0.504682 0.139282
v 0.099457 0.504886 0.139549
v 0.099694 0.504750 0.139484
v 0.097382 0.506581 0.137911
v 0.097473 0.506643 0.137386
v 0.097359 0.506657 0.137642
v 0.101707 0.507577 0.139956
v 0.101286 0.507776 0.140221
v 0.101525 0.507643 0.140158
v 0.099211 0.509471 0.138584
v 0.099305 0.509539 0.138060
v 0.099190 0.509549 0.138315
v 0.103393 0.510299 0.140636
v 0.102966 0.510489 0.140900
v 0.103207 0.510360 0.140837
v 0.100891 0.512184 0.139262
v 0.100991 0.512261 0.138741
v 0.100872 0.512266 0.138994
v 0.104891 0.512812 0.141338
v 0.104454 0.512986 0.141596
v 0.104699 0.512863 0.141535
v 0.102380 0.514680 0.139960
v 0.102489 0.514773 0.139442
v 0.102365 0.514769 0.139693
v 0.106255 0.515248 0.142130
v 0.105678 0.515168 0.142285
v 0.105987 0.515157 0.142273
v 0.103616 0.516852 0.140658
v 0.103768 0.517271 0.140192
v 0.103631 0.517079 0.140420
v 0.074716 0.470890 0.135722
v 0.074554 0.470700 0.136203
v 0.074707 0.470766 0.135981
v 0.072154 0.472659 0.134309
v 0.072642 0.472583 0.134086
v 0.072374 0.472671 0.134140
v 0.075142 0.471794 0.136122
v 0.074994 0.471640 0.136620
v 0.075141 0.471680 0.136379
v 0.072594 0.473601 0.134726
v 0.073065 0.473490 0.134483
v 0.072806 0.473586 0.134537
v 0.075596 0.472773 0.136559
v 0.075450 0.472620 0.137056
v 0.075596 0.472659 0.136815
v 0.073050 0.474580 0.135161
v 0.073520 0.474468 0.134920
v 0.073261 0.474565 0.134973
v 0.076077 0.473799 0.137013
v 0.075933 0.473649 0.137510
v 0.076077 0.473686 0.137269
v 0.073532 0.475610 0.135615
v 0.074000 0.475495 0.135374
v 0.073742 0.475593 0.135427
v 0.076592 0.474885 0.137483
v 0.076451 0.474739 0.137982
v 0.076594 0.474774 0.137741
v 0.074050 0.476700 0.136087
v 0.074515 0.476581 0.135845
v 0.074259 0.476681 0.135898
v 0.077152 0.476042 0.137971
v 0.077014 0.475902 0.138471
v 0.077155 0.475933 0.138229
v 0.074613 0.477863 0.136576
v 0.075075 0.477738 0.136332
v 0.074820 0.477840 0.136387
v 0.077766 0.477281 0.138475
v 0.077632 0.477148 0.138977
v 0.077771 0.477175 0.138734
v 0.075231 0.479109 0.137082
v 0.075689 0.478977 0.136836
v 0.075435 0.479082 0.136891
v 0.078444 0.478614 0.138995
v 0.078314 0.478488 0.139500
v 0.078450 0.478511 0.139255
v 0.075913 0.480449 0.137605
v 0.076367 0.480310 0.137356
v 0.076115 0.480418 0.137413
v 0.079195 0.480052 0.139531
v 0.079070 0.479934 0.140039
v 0.079203 0.479953 0.139792
v 0.076668 0.481895 0.138143
v 0.077119 0.481748 0.137892
v 0.076868 0.481860 0.137950
v 0.080030 0.481608 0.140083
v 0.079909 0.481497 0.140593
v 0.080040 0.481511 0.140345
v 0.077507 0.483458 0.138698
v 0.077953 0.483303 0.138444
v 0.077705 0.483418 0.138503
v 0.080957 0.483291 0.140650
v 0.080840 0.483188 0.141162
v 0.080969 0.483198 0.140913
v 0.078438 0.485149 0.139267
v 0.078880 0.484987 0.139011
v 0.078633 0.485105 0.139071
v 0.081986 0.485115 0.141232
v 0.081874 0.485019 0.141747
v 0.082000 0.485024 0.141497
v 0.079472 0.486980 0.139852
v 0.079910 0.486810 0.139593
v 0.079665 0.486931 0.139654
v 0.083127 0.487089 0.141829
v 0.083019 0.487000 0.142346
v 0.083143 0.487002 0.142095
v 0.080617 0.488961 0.140451
v 0.081051 0.488785 0.140190
v 0.080807 0.488909 0.140252
v 0.084390 0.489226 0.142441
v 0.084286 0.489144 0.142960
v 0.084407 0.489142 0.142707
v 0.081883 0.491105 0.141064
v 0.082313 0.490922 0.140802
v 0.082071 0.491049 0.140865
v 0.085783 0.491538 0.143067
v 0.085683 0.491461 0.143587
v 0.085801 0.491456 0.143334
v 0.083281 0.493423 0.141692
v 0.083706 0.493233 0.141428
v 0.083466 0.493363 0.141491
v 0.087317 0.494034 0.143707
v 0.087220 0.493964 0.144229
v 0.087337 0.493955 0.143974
v 0.084818 0.495925 0.142333
v 0.085240 0.495730 0.142068
v 0.085002 0.495862 0.142132
v 0.089001 0.496729 0.144360
v 0.088906 0.496661 0.144883
v 0.089022 0.496651 0.144628
v 0.086504 0.498623 0.142988
v 0.086924 0.498424 0.142722
v 0.086687 0.498557 0.142786
v 0.091002 0.499927 0.145133
v 0.090907 0.499859 0.145656
v 0.091023 0.499849 0.145401
v 0.088505 0.501820 0.143760
v 0.088926 0.501622 0.143495
v 0.088688 0.501755 0.143559
v 0.092954 0.503071 0.145913
v 0.092858 0.503001 0.146436
v 0.092974 0.502992 0.146181
v 0.090455 0.504962 0.144540
v 0.090878 0.504766 0.144275
v 0.090639 0.504898 0.144339
v 0.094843 0.506113 0.146666
v 0.094748 0.506045 0.147190
v 0.094864 0.506034 0.146935
v 0.092346 0.508006 0.145294
v 0.092767 0.507808 0.145029
v 0.092529 0.507941 0.145092
v 0.096658 0.509007 0.147360
v 0.096567 0.508944 0.147884
v 0.096681 0.508931 0.147629
v 0.094165 0.510905 0.145989
v 0.094583 0.510701 0.145722
v 0.094346 0.510837 0.145786
v 0.098389 0.511706 0.147959
v 0.098303 0.511653 0.148486
v 0.098414 0.511634 0.148230
v 0.095901 0.513614 0.146591
v 0.096314 0.513400 0.146322
v 0.096079 0.513540 0.146387
v 0.100022 0.514164 0.148432
v 0.099947 0.514126 0.148963
v 0.100052 0.514098 0.148704
v 0.097545 0.516087 0.147067
v 0.097948 0.515858 0.146795
v 0.097717 0.516004 0.146862
v 0.101687 0.516420 0.149344
v 0.101488 0.516282 0.148747
v 0.101630 0.516303 0.149044
v 0.099427 0.517965 0.147120
v 0.099203 0.518446 0.147407
v 0.099274 0.518225 0.147191
v -0.033603 0.300502 0.093670
v 0.107027 0.521170 0.147380
v 0.107536 0.521034 0.146594
v 0.107777 0.521562 0.146659
v 0.107268 0.521698 0.147445
v 0.107873 0.522137 0.146623
v 0.107364 0.522272 0.147408
v 0.107816 0.522703 0.146489
v 0.107308 0.522838 0.147273
v 0.107610 0.523205 0.146270
v 0.107102 0.523339 0.147052
v 0.107275 0.523592 0.145987
v 0.106768 0.523727 0.146769
v 0.106846 0.523828 0.145667
v 0.106339 0.523963 0.146450
v 0.106363 0.523889 0.145343
v 0.105855 0.524024 0.146127
v 0.105874 0.523769 0.145046
v 0.105366 0.523905 0.145831
v 0.105427 0.523481 0.144805
v 0.104918 0.523616 0.145591
v 0.105065 0.523052 0.144644
v 0.104556 0.523187 0.145430
v 0.103225 0.519548 0.144063
v 0.102723 0.519682 0.144837
v 0.103799 0.520920 0.144192
v 0.103291 0.521055 0.144976
v 0.104012 0.522324 0.145226
v 0.104521 0.522188 0.144441
v 0.107443 0.520886 0.146559
v 0.106933 0.521022 0.147345
v 0.104462 0.523039 0.145395
v 0.104972 0.522904 0.144609
v 0.106482 0.520306 0.147175
v 0.106992 0.520171 0.146390
v 0.106154 0.519031 0.146045
v 0.105646 0.519166 0.146828
v 0.104745 0.518077 0.146426
v 0.105248 0.517944 0.145650
v 0.103991 0.517025 0.145008
v 0.103501 0.517155 0.145764
v 0.102360 0.518086 0.144864
v 0.102850 0.517956 0.144108
v 0.103017 0.517259 0.145436
v 0.103511 0.517128 0.144675
v 0.102599 0.517601 0.145107
v 0.103093 0.517469 0.144345
v 0.102376 0.518863 0.144745
v 0.102861 0.518739 0.143979
v 0.102799 0.518120 0.144051
v 0.102313 0.518249 0.144801
v 0.102306 0.518557 0.144747
v 0.102792 0.518429 0.143992
v 0.104633 0.517293 0.145374
v 0.104148 0.517418 0.146139
v 0.103654 0.517154 0.145859
v 0.104140 0.517025 0.145110
v 0.103913 0.517245 0.146013
v 0.104399 0.517117 0.145259
vn 0.7746 -0.5885 0.2318
vn 0.7737 -0.5897 0.2315
vn 0.6398 -0.5719 0.5134
vn 0.6406 -0.5707 0.5137
vn 0.8307 -0.5518 -0.0736
vn 0.8299 -0.5530 -0.0739
vn 0.8037 -0.4641 -0.3725
vn 0.8028 -0.4653 -0.3727
vn 0.6960 -0.3341 -0.6356
vn 0.6951 -0.3353 -0.6359
vn 0.5182 -0.1745 -0.8373
vn 0.5174 -0.1757 -0.8375
vn 0.2878 -0.0008 -0.9577
vn 0.2870 -0.0021 -0.9579
vn 0.0273 0.1698 -0.9851
vn 0.0265 0.1686 -0.9853
vn -0.2379 0.3208 -0.9168
vn -0.2386 0.3195 -0.9170
vn -0.4817 0.4372 -0.7595
vn -0.4824 0.4360 -0.7597
vn -0.6802 0.5078 -0.5286
vn -0.6810 0.5066 -0.5288
vn 0.7722 -0.5919 0.2309
vn 0.6383 -0.5741 0.5128
vn 0.8284 -0.5552 -0.0744
vn 0.8013 -0.4676 -0.3732
vn 0.6936 -0.3376 -0.6363
vn 0.5159 -0.1780 -0.8380
vn 0.2855 -0.0044 -0.9584
vn 0.0250 0.1663 -0.9858
vn -0.2401 0.3172 -0.9175
vn -0.4838 0.4336 -0.7602
vn -0.6824 0.5042 -0.5293
vn 0.7709 -0.5938 0.2304
vn 0.6370 -0.5760 0.5123
vn 0.8271 -0.5571 -0.0748
vn 0.8000 -0.4694 -0.3736
vn 0.6924 -0.3395 -0.6367
vn 0.5146 -0.1799 -0.8383
vn 0.2843 -0.0063 -0.9587
vn 0.0238 0.1643 -0.9861
vn -0.2412 0.3152 -0.9178
vn -0.4850 0.4317 -0.7606
vn -0.6835 0.5023 -0.5297
vn 0.7700 -0.5950 0.2301
vn 0.6362 -0.5772 0.5119
vn 0.8262 -0.5583 -0.0752
vn 0.7991 -0.4707 -0.3739
vn 0.6915 -0.3407 -0.6370
vn 0.5138 -0.1812 -0.8386
vn 0.2834 -0.0076 -0.9590
vn 0.0230 0.1630 -0.9864
vn -0.2420 0.3139 -0.9181
vn -0.4857 0.4303 -0.7608
vn -0.6843 0.5009 -0.5300
vn 0.7697 -0.5956 0.2300
vn 0.6358 -0.5778 0.5118
vn 0.8258 -0.5589 -0.0753
vn 0.7987 -0.4713 -0.3741
vn 0.6911 -0.3413 -0.6371
vn 0.5134 -0.1817 -0.8387
vn 0.2831 -0.0081 -0.9591
vn 0.0226 0.1624 -0.9865
vn -0.2424 0.3133 -0.9182
vn -0.4861 0.4298 -0.7609
vn -0.6846 0.5003 -0.5301
vn 0.7698 -0.5954 0.2300
vn 0.6359 -0.5776 0.5119
vn 0.8260 -0.5587 -0.0752
vn 0.7989 -0.4710 -0.3740
vn 0.6913 -0.3411 -0.6371
vn 0.5136 -0.1815 -0.8386
vn 0.2832 -0.0079 -0.9590
vn 0.0228 0.1627 -0.9864
vn -0.2422 0.3136 -0.9181
vn -0.4859 0.4300 -0.7609
vn -0.6845 0.5006 -0.5300
vn 0.7705 -0.5944 0.2303
vn 0.6366 -0.5766 0.5121
vn 0.8267 -0.5577 -0.0750
vn 0.7996 -0.4700 -0.3738
vn 0.6919 -0.3401 -0.6369
vn 0.5142 -0.1805 -0.8384
vn 0.2839 -0.0069 -0.9588
vn 0.0234 0.1637 -0.9862
vn -0.2416 0.3146 -0.9180
vn -0.4853 0.4310 -0.7607
vn -0.6839 0.5016 -0.5298
vn 0.7716 -0.5928 0.2307
vn 0.6377 -0.5750 0.5126
vn 0.8278 -0.5561 -0.0746
vn 0.8007 -0.4684 -0.3734
vn 0.6930 -0.3384 -0.6365
vn 0.5153 -0.1788 -0.8381
vn 0.2850 -0.0052 -0.9585
vn 0.0245 0.1654 -0.9859
vn -0.2406 0.3163 -0.9176
vn -0.4843 0.4328 -0.7604
vn -0.6829 0.5033 -0.5295
vn 0.7731 -0.5907 0.2312
vn 0.6392 -0.5729 0.5131
vn 0.8292 -0.5540 -0.0741
vn 0.8022 -0.4663 -0.3730
vn 0.6945 -0.3363 -0.6361
vn 0.5168 -0.1767 -0.8377
vn 0.2864 -0.0031 -0.9581
vn 0.0259 0.1676 -0.9855
vn -0.2392 0.3185 -0.9172
vn -0.4830 0.4350 -0.7599
vn -0.6816 0.5056 -0.5290
vn 0.7747 -0.5883 0.2318
vn 0.6408 -0.5705 0.5138
vn 0.8309 -0.5516 -0.0735
vn 0.8038 -0.4639 -0.3724
vn 0.6961 -0.3339 -0.6356
vn 0.5184 -0.1742 -0.8372
vn 0.2879 -0.0006 -0.9576
vn 0.0274 0.1700 -0.9851
vn -0.2377 0.3210 -0.9168
vn -0.4815 0.4375 -0.7594
vn -0.6801 0.5081 -0.5285
vn 0.7764 -0.5858 0.2325
vn 0.6425 -0.5680 0.5144
vn 0.8326 -0.5490 -0.0729
vn 0.8055 -0.4614 -0.3718
vn 0.6978 -0.3313 -0.6350
vn 0.5200 -0.1717 -0.8367
vn 0.2896 0.0020 -0.9571
vn 0.0290 0.1726 -0.9846
vn -0.2361 0.3236 -0.9163
vn -0.4800 0.4401 -0.7589
vn -0.6786 0.5107 -0.5280
vn 0.7862 -0.5710 0.2361
vn 0.6522 -0.5532 0.5182
vn 0.8424 -0.5343 -0.0694
vn 0.8153 -0.4466 -0.3685
vn 0.7076 -0.3165 -0.6318
vn 0.5297 -0.1568 -0.8336
vn 0.2992 0.0170 -0.9540
vn 0.0385 0.1877 -0.9815
vn -0.2268 0.3388 -0.9131
vn -0.4707 0.4553 -0.7557
vn -0.6694 0.5259 -0.5247
vn 0.7949 -0.5575 0.2394
vn 0.6609 -0.5397 0.5215
vn 0.8512 -0.5207 -0.0662
vn 0.8241 -0.4330 -0.3653
vn 0.7163 -0.3029 -0.6286
vn 0.5384 -0.1431 -0.8304
vn 0.3078 0.0306 -0.9510
vn 0.0471 0.2014 -0.9784
vn -0.2182 0.3525 -0.9100
vn -0.4622 0.4690 -0.7526
vn -0.6609 0.5397 -0.5215
vn 0.3078 0.0306 -0.9509
vn 0.7933 -0.5594 0.2404
vn 0.6606 -0.5402 0.5214
vn 0.8485 -0.5250 -0.0665
vn 0.8205 -0.4389 -0.3662
vn 0.7122 -0.3097 -0.6300
vn 0.5339 -0.1502 -0.8321
vn 0.3034 0.0241 -0.9526
vn 0.0431 0.1959 -0.9797
vn -0.2214 0.3486 -0.9108
vn -0.4645 0.4676 -0.7521
vn -0.6613 0.5391 -0.5216
vn 0.7883 -0.5653 0.2431
vn 0.6596 -0.5418 0.5210
vn 0.8402 -0.5379 -0.0685
vn 0.8093 -0.4567 -0.3695
vn 0.6989 -0.3306 -0.6342
vn 0.5199 -0.1720 -0.8368
vn 0.2897 0.0035 -0.9571
vn 0.0312 0.1786 -0.9834
vn -0.2303 0.3362 -0.9132
vn -0.4712 0.4631 -0.7507
vn -0.6623 0.5375 -0.5220
vn 0.7811 -0.5730 0.2480
vn 0.6584 -0.5436 0.5206
vn 0.8287 -0.5550 -0.0717
vn 0.7935 -0.4802 -0.3738
vn 0.6803 -0.3583 -0.6394
vn 0.5003 -0.2011 -0.8422
vn 0.2712 -0.0242 -0.9622
vn 0.0154 0.1551 -0.9878
vn -0.2417 0.3191 -0.9164
vn -0.4810 0.4575 -0.7479
vn -0.6634 0.5357 -0.5224
vn 0.7734 -0.5803 0.2551
vn 0.6577 -0.5448 0.5203
vn 0.8172 -0.5716 -0.0742
vn 0.7775 -0.5031 -0.3773
vn 0.6616 -0.3851 -0.6434
vn 0.4806 -0.2294 -0.8464
vn 0.2524 -0.0511 -0.9663
vn -0.0005 0.1322 -0.9912
vn -0.2533 0.3025 -0.9189
vn -0.4920 0.4530 -0.7434
vn -0.6641 0.5345 -0.5227
vn 0.7660 -0.5868 0.2624
vn 0.6573 -0.5454 0.5201
vn 0.8061 -0.5869 -0.0761
vn 0.7622 -0.5242 -0.3799
vn 0.6435 -0.4100 -0.6464
vn 0.4616 -0.2555 -0.8495
vn 0.2344 -0.0760 -0.9692
vn -0.0157 0.1110 -0.9937
vn -0.2643 0.2871 -0.9207
vn -0.5027 0.4491 -0.7387
vn -0.6645 0.5339 -0.5229
vn 0.7595 -0.5923 0.2691
vn 0.6572 -0.5456 0.5201
vn 0.7960 -0.6003 -0.0775
vn 0.7483 -0.5427 -0.3816
vn 0.6272 -0.4317 -0.6483
vn 0.4445 -0.2784 -0.8514
vn 0.2182 -0.0978 -0.9710
vn -0.0295 0.0924 -0.9953
vn -0.2742 0.2735 -0.9220
vn -0.5120 0.4459 -0.7342
vn -0.6646 0.5337 -0.5229
vn 0.7540 -0.5966 0.2747
vn 0.7875 -0.6113 -0.0783
vn 0.7366 -0.5577 -0.3826
vn 0.6135 -0.4494 -0.6494
vn 0.4301 -0.2971 -0.8525
vn 0.2046 -0.1156 -0.9720
vn -0.0410 0.0772 -0.9962
vn -0.2825 0.2624 -0.9227
vn -0.5196 0.4433 -0.7304
vn -0.6645 0.5339 -0.5228
vn -0.0094 0.2831 0.9590
vn 0.1587 0.4488 0.8794
vn 0.3556 0.2622 0.8971
vn 0.2156 0.1153 0.9697
vn 0.7812 -0.6193 -0.0789
vn 0.7472 -0.6067 0.2714
vn 0.7278 -0.5688 -0.3832
vn 0.6031 -0.4625 -0.6499
vn 0.4193 -0.3108 -0.8530
vn 0.1944 -0.1287 -0.9724
vn -0.0496 0.0660 -0.9966
vn -0.2887 0.2542 -0.9231
vn -0.5254 0.4324 -0.7328
vn -0.6346 0.5795 -0.5114
vn -0.6509 0.5638 -0.5084
vn -0.5146 0.4199 -0.7476
vn 0.6856 -0.4986 0.5305
vn 0.7771 -0.6244 -0.0793
vn 0.7498 -0.6126 0.2502
vn 0.7222 -0.5757 -0.3835
vn 0.5965 -0.4706 -0.6502
vn 0.4124 -0.3194 -0.8532
vn 0.1879 -0.1370 -0.9726
vn -0.0550 0.0589 -0.9967
vn -0.2925 0.2490 -0.9233
vn 0.2501 0.6989 -0.6701
vn 0.2009 0.5457 -0.8136
vn 0.4463 0.4103 -0.7953
vn 0.4976 0.5926 -0.6334
vn -0.1543 0.1027 0.9827
vn 0.0552 -0.0606 0.9966
vn 0.7754 -0.6264 -0.0795
vn 0.7551 -0.6130 0.2324
vn 0.7198 -0.5785 -0.3837
vn 0.5938 -0.4739 -0.6503
vn 0.4096 -0.3229 -0.8532
vn 0.1853 -0.1404 -0.9726
vn -0.0572 0.0560 -0.9968
vn -0.2940 0.2468 -0.9234
vn -0.5020 0.4135 -0.7596
vn -0.7233 0.5750 0.3824
vn -0.5592 0.7476 0.3582
vn -0.4604 0.6513 0.6032
vn -0.6237 0.4859 0.6123
vn -0.1454 0.1062 0.9837
vn 0.0578 -0.0582 0.9966
vn 0.7760 -0.6257 -0.0798
vn 0.7555 -0.6127 0.2321
vn 0.7205 -0.5775 -0.3838
vn 0.5946 -0.4727 -0.6503
vn 0.4105 -0.3218 -0.8532
vn 0.1862 -0.1393 -0.9726
vn -0.0563 0.0568 -0.9968
vn -0.2933 0.2474 -0.9235
vn -0.5016 0.4137 -0.7598
vn -0.7212 0.5779 0.3819
vn -0.6207 0.4943 0.6086
vn -0.1493 0.1013 0.9836
vn 0.0540 -0.0621 0.9966
vn 0.7785 -0.6226 -0.0799
vn 0.7568 -0.6111 0.2319
vn 0.7239 -0.5732 -0.3839
vn 0.5986 -0.4677 -0.6503
vn 0.4148 -0.3165 -0.8531
vn 0.1903 -0.1343 -0.9725
vn -0.0527 0.0610 -0.9967
vn -0.2906 0.2504 -0.9235
vn -0.5001 0.4152 -0.7599
vn -0.7245 0.5736 0.3823
vn -0.6247 0.4894 0.6085
vn -0.1557 0.0931 0.9834
vn 0.0482 -0.0689 0.9965
vn 0.7825 -0.6175 -0.0799
vn 0.7590 -0.6084 0.2318
vn 0.7295 -0.5661 -0.3838
vn 0.6052 -0.4594 -0.6502
vn 0.4217 -0.3078 -0.8529
vn 0.1970 -0.1261 -0.9723
vn -0.0470 0.0680 -0.9966
vn -0.2864 0.2554 -0.9234
vn -0.4979 0.4178 -0.7599
vn -0.7300 0.5665 0.3825
vn -0.6312 0.4813 0.6083
vn -0.1640 0.0825 0.9830
vn 0.0408 -0.0779 0.9961
vn 0.7877 -0.6108 -0.0798
vn 0.7618 -0.6049 0.2318
vn 0.7367 -0.5569 -0.3836
vn 0.6136 -0.4486 -0.6498
vn 0.4306 -0.2965 -0.8525
vn 0.2055 -0.1154 -0.9718
vn -0.0398 0.0771 -0.9962
vn -0.2811 0.2620 -0.9232
vn -0.4950 0.4213 -0.7599
vn -0.7371 0.5573 0.3824
vn -0.6395 0.4708 0.6078
vn -0.1736 0.0702 0.9823
vn 0.0323 -0.0884 0.9956
vn 0.7938 -0.6030 -0.0794
vn 0.7650 -0.6009 0.2320
vn 0.7449 -0.5462 -0.3830
vn 0.6233 -0.4360 -0.6491
vn 0.4408 -0.2833 -0.8517
vn 0.2152 -0.1028 -0.9711
vn -0.0314 0.0877 -0.9956
vn -0.2751 0.2697 -0.9228
vn -0.4918 0.4253 -0.7597
vn -0.7453 0.5465 0.3820
vn -0.6490 0.4584 0.6071
vn -0.1838 0.0567 0.9813
vn 0.0233 -0.1000 0.9947
vn 0.8002 -0.5945 -0.0789
vn 0.7684 -0.5964 0.2323
vn 0.7538 -0.5345 -0.3822
vn 0.6338 -0.4222 -0.6481
vn 0.4518 -0.2688 -0.8507
vn 0.2257 -0.0890 -0.9701
vn -0.0225 0.0994 -0.9948
vn -0.2686 0.2782 -0.9222
vn -0.4884 0.4298 -0.7594
vn -0.7541 0.5347 0.3813
vn -0.6593 0.4449 0.6061
vn -0.1943 0.0425 0.9800
vn 0.0141 -0.1122 0.9936
vn 0.8069 -0.5856 -0.0781
vn 0.7719 -0.5917 0.2327
vn 0.7630 -0.5222 -0.3810
vn 0.6445 -0.4078 -0.6468
vn 0.4631 -0.2536 -0.8493
vn 0.2364 -0.0746 -0.9688
vn -0.0134 0.1117 -0.9937
vn -0.2619 0.2871 -0.9214
vn -0.4849 0.4345 -0.7590
vn -0.7632 0.5224 0.3803
vn -0.6698 0.4307 0.6048
vn -0.2048 0.0281 0.9784
vn 0.0049 -0.1246 0.9922
vn 0.8135 -0.5765 -0.0770
vn 0.7754 -0.5869 0.2332
vn 0.7720 -0.5097 -0.3796
vn 0.6552 -0.3931 -0.6451
vn 0.4743 -0.2382 -0.8475
vn 0.2471 -0.0599 -0.9671
vn -0.0043 0.1242 -0.9922
vn -0.2553 0.2962 -0.9204
vn -0.4814 0.4393 -0.7585
vn -0.7722 0.5099 0.3790
vn -0.6803 0.4163 0.6032
vn -0.2150 0.0138 0.9765
vn -0.0040 -0.1369 0.9906
vn 0.8199 -0.5675 -0.0758
vn 0.7787 -0.5821 0.2338
vn 0.7809 -0.4973 -0.3780
vn 0.6656 -0.3786 -0.6432
vn 0.4852 -0.2229 -0.8455
vn 0.2575 -0.0454 -0.9652
vn 0.0045 0.1366 -0.9906
vn -0.2489 0.3052 -0.9192
vn -0.4780 0.4440 -0.7578
vn -0.7810 0.4975 0.3775
vn -0.6905 0.4021 0.6013
vn -0.2247 -0.0001 0.9744
vn -0.0126 -0.1490 0.9888
vn 0.8260 -0.5587 -0.0745
vn 0.7820 -0.5775 0.2346
vn 0.7893 -0.4853 -0.3762
vn 0.6755 -0.3644 -0.6411
vn 0.4956 -0.2079 -0.8433
vn 0.2674 -0.0311 -0.9631
vn 0.0129 0.1487 -0.9888
vn -0.2428 0.3140 -0.9178
vn -0.4748 0.4487 -0.7571
vn -0.7894 0.4854 0.3757
vn -0.7002 0.3881 0.5992
vn -0.2339 -0.0135 0.9722
vn -0.0206 -0.1605 0.9868
vn 0.8318 -0.5502 -0.0730
vn 0.7850 -0.5731 0.2354
vn 0.7973 -0.4736 -0.3742
vn 0.6848 -0.3507 -0.6387
vn 0.5055 -0.1935 -0.8409
vn 0.2767 -0.0175 -0.9608
vn 0.0209 0.1603 -0.9868
vn -0.2370 0.3225 -0.9164
vn -0.4718 0.4531 -0.7563
vn -0.7974 0.4737 0.3739
vn -0.7094 0.3747 0.5970
vn -0.2425 -0.0263 0.9698
vn -0.0281 -0.1716 0.9848
vn 0.8372 -0.5422 -0.0715
vn 0.7878 -0.5688 0.2362
vn 0.8047 -0.4625 -0.3721
vn 0.6936 -0.3377 -0.6363
vn 0.5147 -0.1798 -0.8383
vn 0.2854 -0.0044 -0.9584
vn 0.0283 0.1714 -0.9848
vn -0.2317 0.3306 -0.9149
vn -0.4690 0.4574 -0.7555
vn -0.8048 0.4626 0.3719
vn -0.7179 0.3619 0.5946
vn -0.2505 -0.0384 0.9674
vn -0.0351 -0.1820 0.9827
vn 0.8422 -0.5346 -0.0699
vn 0.7905 -0.5648 0.2370
vn 0.8117 -0.4520 -0.3700
vn 0.7017 -0.3253 -0.6338
vn 0.5232 -0.1669 -0.8357
vn 0.2935 0.0079 -0.9559
vn 0.0352 0.1820 -0.9827
vn -0.2267 0.3382 -0.9134
vn -0.4664 0.4614 -0.7547
vn -0.8117 0.4521 0.3699
vn -0.7259 0.3498 0.5922
vn -0.2578 -0.0498 0.9649
vn -0.0415 -0.1919 0.9805
vn 0.8469 -0.5274 -0.0683
vn 0.7929 -0.5610 0.2379
vn 0.8180 -0.4422 -0.3678
vn 0.7092 -0.3137 -0.6313
vn 0.5311 -0.1547 -0.8331
vn 0.3010 0.0196 -0.9534
vn 0.0415 0.1919 -0.9805
vn -0.2220 0.3454 -0.9118
vn -0.4640 0.4652 -0.7539
vn -0.8180 0.4422 0.3678
vn -0.7333 0.3384 0.5898
vn -0.2617 -0.0556 0.9635
vn -0.0452 -0.1968 0.9794
vn 0.8492 -0.5238 -0.0670
vn 0.7939 -0.5591 0.2389
vn 0.8214 -0.4372 -0.3663
vn 0.7132 -0.3078 -0.6298
vn 0.5351 -0.1483 -0.8316
vn 0.3047 0.0257 -0.9521
vn 0.0445 0.1972 -0.9794
vn -0.2201 0.3494 -0.9108
vn -0.4632 0.4674 -0.7530
vn -0.8212 0.4369 0.3671
vn -0.7370 0.3324 0.5885
vn -0.2604 -0.0534 0.9640
vn -0.0443 -0.1947 0.9799
vn 0.8483 -0.5252 -0.0670
vn 0.7934 -0.5598 0.2391
vn 0.8202 -0.4392 -0.3665
vn 0.7118 -0.3101 -0.6302
vn 0.5336 -0.1507 -0.8322
vn 0.3032 0.0235 -0.9526
vn 0.0431 0.1954 -0.9798
vn -0.2213 0.3481 -0.9110
vn -0.4639 0.4668 -0.7529
vn -0.8199 0.4387 0.3678
vn -0.7355 0.3346 0.5891
vn -0.2588 -0.0510 0.9646
vn -0.0428 -0.1926 0.9803
vn 0.8474 -0.5267 -0.0676
vn 0.7930 -0.5606 0.2386
vn 0.8188 -0.4412 -0.3672
vn 0.7102 -0.3125 -0.6309
vn 0.5320 -0.1533 -0.8328
vn 0.3017 0.0210 -0.9532
vn 0.0419 0.1932 -0.9803
vn -0.2220 0.3465 -0.9114
vn -0.4642 0.4659 -0.7533
vn -0.8186 0.4409 0.3682
vn -0.7340 0.3371 0.5896
vn -0.2609 -0.0545 0.9638
vn -0.0446 -0.1957 0.9797
vn 0.8488 -0.5245 -0.0674
vn 0.7938 -0.5595 0.2385
vn 0.8207 -0.4382 -0.3667
vn 0.7123 -0.3090 -0.6302
vn 0.5343 -0.1496 -0.8319
vn 0.3040 0.0244 -0.9524
vn 0.0440 0.1960 -0.9796
vn -0.2203 0.3485 -0.9110
vn -0.4632 0.4669 -0.7533
vn -0.8205 0.4379 0.3674
vn -0.7362 0.3337 0.5887
vn -0.2673 -0.0647 0.9614
vn -0.0500 -0.2046 0.9776
vn 0.8528 -0.5179 -0.0663
vn 0.7961 -0.5561 0.2389
vn 0.8262 -0.4292 -0.3649
vn 0.7189 -0.2985 -0.6278
vn 0.5412 -0.1386 -0.8294
vn 0.3107 0.0348 -0.9499
vn 0.0499 0.2048 -0.9775
vn -0.2160 0.3548 -0.9097
vn -0.4607 0.4701 -0.7528
vn -0.8262 0.4291 0.3651
vn -0.7427 0.3235 0.5863
vn -0.2788 -0.0837 0.9567
vn -0.0599 -0.2211 0.9734
vn 0.8602 -0.5059 -0.0638
vn 0.8001 -0.5497 0.2399
vn 0.8363 -0.4126 -0.3611
vn 0.7307 -0.2791 -0.6231
vn 0.5538 -0.1183 -0.8242
vn 0.3228 0.0540 -0.9449
vn 0.0603 0.2210 -0.9734
vn -0.2082 0.3665 -0.9068
vn -0.4564 0.4763 -0.7516
vn -0.8363 0.4128 0.3608
vn -0.7544 0.3046 0.5814
vn -0.3024 -0.0962 0.9483
vn -0.0847 -0.2372 0.9678
vn 0.8719 -0.4861 -0.0589
vn 0.8066 -0.5393 0.2420
vn 0.8522 -0.3854 -0.3539
vn 0.7493 -0.2472 -0.6143
vn 0.5735 -0.0850 -0.8148
vn 0.3418 0.0855 -0.9359
vn 0.0768 0.2477 -0.9658
vn -0.1959 0.3858 -0.9015
vn -0.4156 0.4715 -0.7778
vn -0.8453 0.3798 0.3757
vn -0.7606 0.2779 0.5868
vn -0.3095 -0.1044 0.9452
vn -0.0741 -0.2598 0.9628
vn 0.8894 -0.4545 -0.0497
vn 0.8158 -0.5236 0.2455
vn 0.8759 -0.3420 -0.3404
vn 0.7772 -0.1964 -0.5979
vn 0.6030 -0.0318 -0.7971
vn 0.3702 0.1358 -0.9190
vn 0.1014 0.2903 -0.9515
vn -0.1775 0.4167 -0.8916
vn -0.3748 0.4811 -0.7925
vn -0.8544 0.3672 0.3676
vn -0.7651 0.2677 0.5856
vn 0.6193 -0.6489 0.4420
vn 0.6334 -0.5399 0.5544
vn 0.6138 -0.5727 0.5434
vn 0.5646 -0.7400 0.3657
vn 0.9146 -0.4031 -0.0309
vn 0.8307 -0.4951 0.2544
vn 0.9099 -0.2717 -0.3133
vn 0.8171 -0.1142 -0.5650
vn 0.6454 0.0542 -0.7619
vn 0.4113 0.2172 -0.8853
vn 0.1372 0.3592 -0.9231
vn -0.1506 0.4667 -0.8715
vn -0.3949 0.5299 -0.7505
vn -0.6863 0.5120 -0.5165
vn -0.6885 0.5442 -0.4794
vn -0.6943 0.4537 -0.5587
vn -0.6994 0.4038 -0.5897
vn 0.8498 -0.4495 0.2753
vn 0.6867 -0.5451 0.4810
vn 0.6501 -0.5697 0.5027
vn 0.9482 -0.3175 0.0108
vn 0.9548 -0.1549 -0.2537
vn 0.8696 0.0221 -0.4932
vn 0.7012 0.1965 -0.6853
vn 0.4657 0.3519 -0.8120
vn 0.1851 0.4736 -0.8611
vn -0.1140 0.5499 -0.8274
vn -0.4030 0.5734 -0.7133
vn -0.6425 0.5257 -0.5575
vn -0.6342 0.5298 -0.5632
vn 0.8681 -0.3749 0.3252
vn 0.7114 -0.5143 0.4789
vn 0.9774 -0.1814 0.1085
vn 0.9927 0.0289 -0.1173
vn 0.9136 0.2357 -0.3313
vn 0.7482 0.4197 -0.5139
vn 0.5120 0.5636 -0.6482
vn 0.2269 0.6542 -0.7215
vn -0.0807 0.6825 -0.7264
vn -0.3819 0.6458 -0.6612
vn -0.6022 0.5664 -0.5627
vn 0.8573 -0.2860 0.4280
vn 0.7222 -0.4762 0.5017
vn 0.9539 -0.0228 0.2992
vn 0.9598 0.2419 0.1424
vn 0.8750 0.4833 -0.0275
vn 0.7080 0.6788 -0.1948
vn 0.4743 0.8105 -0.3438
vn 0.1957 0.8658 -0.4605
vn -0.1019 0.8393 -0.5340
vn -0.3907 0.7330 -0.5568
vn -0.5942 0.5987 -0.5371
vn 0.6971 -0.4665 0.5445
vn 0.6787 -0.4647 0.5687
vn 0.6649 0.0541 0.7450
vn 0.6989 -0.2439 0.6723
vn 0.7729 -0.2408 0.5871
vn 0.8041 0.0701 0.5904
vn 0.5680 0.3461 0.7467
vn 0.7575 0.3720 0.5365
vn 0.4176 0.6049 0.6780
vn 0.6389 0.6368 0.4317
vn 0.2280 0.8064 0.5456
vn 0.4600 0.8404 0.2867
vn 0.0169 0.9321 0.3618
vn 0.2374 0.9646 0.1149
vn -0.1961 0.9700 0.1438
vn -0.0087 0.9976 -0.0681
vn -0.3909 0.9162 -0.0881
vn -0.2553 0.9352 -0.2455
vn -0.5491 0.7751 -0.3125
vn -0.4788 0.7812 -0.4006
vn -0.6377 0.6102 -0.4700
vn -0.6199 0.6090 -0.4948
vn 0.4421 -0.5001 0.7446
vn 0.4412 -0.5013 0.7443
vn 0.1983 -0.3836 0.9020
vn 0.1975 -0.3848 0.9016
vn -0.0669 -0.2327 0.9703
vn -0.0677 -0.2339 0.9699
vn -0.3274 -0.0620 0.9428
vn -0.3282 -0.0633 0.9425
vn -0.5578 0.1116 0.8224
vn -0.5586 0.1104 0.8221
vn -0.7356 0.2713 0.6208
vn -0.7363 0.2700 0.6204
vn -0.8433 0.4013 0.3576
vn -0.8440 0.4000 0.3573
vn -0.8703 0.4889 0.0587
vn -0.8711 0.4877 0.0584
vn -0.8142 0.5256 -0.2466
vn -0.8149 0.5244 -0.2469
vn 0.4397 -0.5036 0.7437
vn 0.1960 -0.3871 0.9010
vn -0.0691 -0.2362 0.9692
vn -0.3296 -0.0656 0.9418
vn -0.5600 0.1080 0.8214
vn -0.7377 0.2677 0.6198
vn -0.8454 0.3977 0.3567
vn -0.8724 0.4853 0.0579
vn -0.8163 0.5220 -0.2474
vn 0.4385 -0.5054 0.7432
vn 0.1948 -0.3890 0.9004
vn -0.0703 -0.2381 0.9687
vn -0.3307 -0.0675 0.9413
vn -0.5611 0.1061 0.8209
vn -0.7388 0.2657 0.6193
vn -0.8465 0.3957 0.3562
vn -0.8735 0.4833 0.0574
vn -0.8174 0.5201 -0.2478
vn 0.4376 -0.5067 0.7428
vn 0.1939 -0.3902 0.9001
vn -0.0711 -0.2393 0.9683
vn -0.3315 -0.0688 0.9409
vn -0.5619 0.1048 0.8205
vn -0.7396 0.2644 0.6190
vn -0.8472 0.3944 0.3559
vn -0.8743 0.4820 0.0571
vn -0.8181 0.5187 -0.2481
vn 0.4373 -0.5072 0.7426
vn 0.1936 -0.3908 0.8999
vn -0.0715 -0.2399 0.9682
vn -0.3319 -0.0693 0.9408
vn -0.5622 0.1043 0.8204
vn -0.7399 0.2638 0.6188
vn -0.8476 0.3938 0.3558
vn -0.8746 0.4814 0.0570
vn -0.8185 0.5181 -0.2483
vn 0.4374 -0.5070 0.7427
vn 0.1937 -0.3906 0.9000
vn -0.0713 -0.2397 0.9682
vn -0.3317 -0.0691 0.9408
vn -0.5621 0.1045 0.8205
vn -0.7398 0.2641 0.6189
vn -0.8474 0.3940 0.3558
vn -0.8745 0.4817 0.0570
vn -0.8183 0.5184 -0.2482
vn 0.4381 -0.5060 0.7430
vn 0.1944 -0.3896 0.9002
vn -0.0707 -0.2387 0.9685
vn -0.3311 -0.0681 0.9411
vn -0.5615 0.1055 0.8207
vn -0.7392 0.2651 0.6191
vn -0.8468 0.3951 0.3561
vn -0.8739 0.4827 0.0573
vn -0.8177 0.5194 -0.2480
vn 0.4392 -0.5044 0.7434
vn 0.1954 -0.3879 0.9007
vn -0.0696 -0.2370 0.9690
vn -0.3301 -0.0664 0.9416
vn -0.5605 0.1072 0.8212
vn -0.7382 0.2668 0.6196
vn -0.8459 0.3968 0.3565
vn -0.8729 0.4844 0.0577
vn -0.8168 0.5211 -0.2476
vn 0.4406 -0.5023 0.7440
vn 0.1968 -0.3858 0.9013
vn -0.0683 -0.2349 0.9696
vn -0.3288 -0.0643 0.9422
vn -0.5592 0.1094 0.8218
vn -0.7369 0.2690 0.6202
vn -0.8446 0.3990 0.3571
vn -0.8717 0.4866 0.0582
vn -0.8155 0.5234 -0.2471
vn 0.4422 -0.4999 0.7447
vn 0.1984 -0.3834 0.9020
vn -0.0667 -0.2325 0.9703
vn -0.3273 -0.0618 0.9429
vn -0.5577 0.1118 0.8225
vn -0.7354 0.2715 0.6208
vn -0.8431 0.4015 0.3577
vn -0.8702 0.4892 0.0588
vn -0.8140 0.5259 -0.2466
vn 0.4439 -0.4974 0.7454
vn 0.2001 -0.3809 0.9027
vn -0.0651 -0.2299 0.9710
vn -0.3257 -0.0592 0.9436
vn -0.5561 0.1144 0.8232
vn -0.7339 0.2741 0.6215
vn -0.8416 0.4041 0.3583
vn -0.8687 0.4918 0.0594
vn -0.8125 0.5285 -0.2460
vn 0.4535 -0.4826 0.7493
vn 0.2096 -0.3661 0.9067
vn -0.0557 -0.2150 0.9750
vn -0.3164 -0.0443 0.9476
vn -0.5469 0.1295 0.8271
vn -0.7248 0.2892 0.6253
vn -0.8325 0.4193 0.3620
vn -0.8596 0.5070 0.0630
vn -0.8034 0.5438 -0.2426
vn 0.4622 -0.4690 0.7526
vn 0.2182 -0.3525 0.9100
vn -0.0471 -0.2014 0.9784
vn -0.3078 -0.0306 0.9510
vn -0.5384 0.1431 0.8304
vn -0.7163 0.3029 0.6286
vn -0.8241 0.4330 0.3653
vn -0.8512 0.5207 0.0662
vn -0.7949 0.5575 -0.2394
vn 0.2182 -0.3524 0.9100
vn -0.8240 0.4330 0.3653
vn 0.4621 -0.4714 0.7512
vn 0.2162 -0.3569 0.9088
vn -0.0503 -0.2074 0.9770
vn -0.3118 -0.0375 0.9494
vn -0.5428 0.1361 0.8287
vn -0.7206 0.2963 0.6268
vn -0.8277 0.4274 0.3635
vn -0.8537 0.5167 0.0645
vn -0.7957 0.5556 -0.2413
vn 0.4615 -0.4784 0.7471
vn 0.2089 -0.3701 0.9052
vn -0.0607 -0.2254 0.9724
vn -0.3244 -0.0585 0.9441
vn -0.5563 0.1141 0.8231
vn -0.7336 0.2756 0.6212
vn -0.8388 0.4099 0.3584
vn -0.8616 0.5040 0.0605
vn -0.7979 0.5500 -0.2467
vn 0.4617 -0.4881 0.7407
vn 0.1986 -0.3875 0.9002
vn -0.0749 -0.2494 0.9655
vn -0.3411 -0.0867 0.9360
vn -0.5738 0.0844 0.8146
vn -0.7502 0.2473 0.6132
vn -0.8529 0.3859 0.3516
vn -0.8719 0.4866 0.0555
vn -0.8004 0.5425 -0.2553
vn 0.4637 -0.4979 0.7328
vn 0.1889 -0.4046 0.8948
vn -0.0882 -0.2729 0.9580
vn -0.3567 -0.1144 0.9272
vn -0.5903 0.0553 0.8053
vn -0.7659 0.2196 0.6043
vn -0.8662 0.3624 0.3441
vn -0.8815 0.4695 0.0501
vn -0.8017 0.5353 -0.2657
vn 0.4662 -0.5071 0.7250
vn 0.1802 -0.4205 0.8892
vn -0.1002 -0.2949 0.9503
vn -0.3708 -0.1403 0.9181
vn -0.6050 0.0280 0.7957
vn -0.7798 0.1937 0.5953
vn -0.8781 0.3403 0.3364
vn -0.8902 0.4534 0.0446
vn -0.8025 0.5289 -0.2761
vn 0.4685 -0.5149 0.7179
vn 0.1727 -0.4346 0.8839
vn -0.1104 -0.3144 0.9429
vn -0.3827 -0.1632 0.9093
vn -0.6175 0.0039 0.7866
vn -0.7917 0.1707 0.5866
vn -0.8882 0.3207 0.3291
vn -0.8975 0.4392 0.0394
vn -0.8030 0.5233 -0.2854
vn 0.4705 -0.5213 0.7119
vn 0.1667 -0.4462 0.8793
vn -0.1185 -0.3303 0.9364
vn -0.3922 -0.1821 0.9017
vn -0.6274 -0.0159 0.7786
vn -0.8010 0.1518 0.5791
vn -0.8961 0.3046 0.3228
vn -0.9033 0.4275 0.0349
vn -0.8031 0.5187 -0.2931
vn 0.9223 0.2458 -0.2983
vn 0.8973 0.0420 -0.4394
vn 0.9755 -0.0871 -0.2022
vn 0.9922 0.0924 -0.0842
vn 0.4631 -0.5312 0.7095
vn 0.1623 -0.4548 0.8757
vn -0.1244 -0.3422 0.9314
vn -0.3990 -0.1961 0.8957
vn -0.6345 -0.0307 0.7723
vn -0.8078 0.1377 0.5732
vn -0.9018 0.2926 0.3179
vn -0.9076 0.4188 0.0315
vn -0.8094 0.5079 -0.2947
vn 0.4444 -0.5314 0.7212
vn 0.1595 -0.4601 0.8734
vn -0.1282 -0.3496 0.9281
vn -0.4033 -0.2048 0.8919
vn -0.6389 -0.0399 0.7683
vn -0.8119 0.1288 0.5694
vn -0.9054 0.2850 0.3148
vn -0.9102 0.4132 0.0294
vn -0.8200 0.5011 -0.2765
vn -0.3870 0.8680 0.3111
vn -0.2660 0.7956 0.5443
vn 0.8297 -0.1590 -0.5351
vn 0.9051 -0.2865 -0.3143
vn 0.4306 -0.5268 0.7328
vn 0.1582 -0.4623 0.8725
vn -0.1298 -0.3526 0.9267
vn -0.4050 -0.2084 0.8902
vn -0.6406 -0.0437 0.7666
vn -0.8135 0.1252 0.5679
vn -0.9068 0.2818 0.3136
vn -0.9112 0.4109 0.0286
vn -0.8265 0.4997 -0.2591
vn 0.1267 0.3491 -0.9285
vn 0.3604 0.2243 -0.9055
vn 0.8349 -0.1544 -0.5283
vn 0.9065 -0.2838 -0.3125
vn 0.4306 -0.5263 0.7332
vn 0.1583 -0.4615 0.8729
vn -0.1294 -0.3515 0.9272
vn -0.4045 -0.2071 0.8908
vn -0.6400 -0.0425 0.7672
vn -0.8129 0.1263 0.5685
vn -0.9062 0.2828 0.3142
vn -0.9109 0.4116 0.0292
vn -0.8264 0.5001 -0.2587
vn 0.1275 0.3523 -0.9272
vn 0.3596 0.2337 -0.9034
vn 0.8324 -0.1597 -0.5306
vn 0.9043 -0.2882 -0.3149
vn 0.4313 -0.5245 0.7341
vn 0.1597 -0.4581 0.8744
vn -0.1274 -0.3468 0.9292
vn -0.4020 -0.2016 0.8931
vn -0.6374 -0.0368 0.7697
vn -0.8103 0.1317 0.5710
vn -0.9041 0.2873 0.3164
vn -0.9094 0.4149 0.0308
vn -0.8257 0.5018 -0.2577
vn 0.1258 0.3475 -0.9292
vn 0.3571 0.2284 -0.9057
vn 0.8283 -0.1685 -0.5344
vn 0.9007 -0.2955 -0.3185
vn 0.4325 -0.5216 0.7354
vn 0.1622 -0.4526 0.8769
vn -0.1239 -0.3392 0.9325
vn -0.3979 -0.1927 0.8970
vn -0.6329 -0.0274 0.7737
vn -0.8061 0.1406 0.5748
vn -0.9005 0.2948 0.3198
vn -0.9068 0.4203 0.0334
vn -0.8244 0.5046 -0.2563
vn 0.1226 0.3398 -0.9325
vn 0.3529 0.2197 -0.9095
vn 0.8228 -0.1798 -0.5391
vn 0.8959 -0.3052 -0.3228
vn 0.4342 -0.5179 0.7371
vn 0.1656 -0.4454 0.8799
vn -0.1192 -0.3294 0.9366
vn -0.3923 -0.1812 0.9018
vn -0.6271 -0.0153 0.7788
vn -0.8005 0.1521 0.5797
vn -0.8957 0.3046 0.3240
vn -0.9033 0.4274 0.0365
vn -0.8226 0.5084 -0.2546
vn 0.1181 0.3299 -0.9366
vn 0.3474 0.2084 -0.9143
vn 0.8163 -0.1930 -0.5444
vn 0.8902 -0.3165 -0.3276
vn 0.4363 -0.5135 0.7389
vn 0.1696 -0.4371 0.8833
vn -0.1136 -0.3180 0.9413
vn -0.3857 -0.1678 0.9072
vn -0.6201 -0.0012 0.7845
vn -0.7938 0.1655 0.5852
vn -0.8900 0.3160 0.3286
vn -0.8992 0.4356 0.0399
vn -0.8205 0.5127 -0.2528
vn 0.1126 0.3184 -0.9412
vn 0.3408 0.1953 -0.9196
vn 0.8090 -0.2073 -0.5500
vn 0.8839 -0.3288 -0.3326
vn 0.4387 -0.5087 0.7408
vn 0.1741 -0.4280 0.8868
vn -0.1073 -0.3055 0.9461
vn -0.3783 -0.1532 0.9129
vn -0.6123 0.0141 0.7905
vn -0.7864 0.1800 0.5909
vn -0.8837 0.3284 0.3335
vn -0.8946 0.4447 0.0435
vn -0.8181 0.5175 -0.2509
vn 0.1065 0.3060 -0.9461
vn 0.3335 0.1810 -0.9252
vn 0.8012 -0.2222 -0.5556
vn 0.8771 -0.3417 -0.3376
vn 0.4412 -0.5038 0.7426
vn 0.1790 -0.4186 0.8903
vn -0.1006 -0.2926 0.9509
vn -0.3704 -0.1380 0.9186
vn -0.6039 0.0301 0.7965
vn -0.7785 0.1952 0.5966
vn -0.8770 0.3413 0.3383
vn -0.8897 0.4540 0.0470
vn -0.8155 0.5224 -0.2490
vn 0.0999 0.2930 -0.9509
vn 0.3258 0.1661 -0.9308
vn 0.7932 -0.2372 -0.5609
vn 0.8701 -0.3546 -0.3423
vn 0.4439 -0.4988 0.7444
vn 0.1841 -0.4092 0.8937
vn -0.0936 -0.2796 0.9555
vn -0.3622 -0.1227 0.9240
vn -0.5953 0.0462 0.8022
vn -0.7702 0.2105 0.6020
vn -0.8700 0.3543 0.3429
vn -0.8847 0.4635 0.0503
vn -0.8128 0.5274 -0.2473
vn 0.0930 0.2799 -0.9555
vn 0.3177 0.1510 -0.9361
vn 0.7850 -0.2520 -0.5659
vn 0.8630 -0.3674 -0.3467
vn 0.4467 -0.4939 0.7461
vn 0.1893 -0.3998 0.8968
vn -0.0865 -0.2667 0.9599
vn -0.3538 -0.1076 0.9291
vn -0.5865 0.0621 0.8075
vn -0.7619 0.2257 0.6071
vn -0.8629 0.3672 0.3473
vn -0.8795 0.4729 0.0535
vn -0.8101 0.5323 -0.2456
vn 0.0860 0.2670 -0.9599
vn 0.3095 0.1362 -0.9411
vn 0.7769 -0.2664 -0.5705
vn 0.8559 -0.3799 -0.3508
vn 0.4494 -0.4891 0.7476
vn 0.1944 -0.3908 0.8997
vn -0.0795 -0.2543 0.9639
vn -0.3456 -0.0929 0.9338
vn -0.5778 0.0775 0.8125
vn -0.7537 0.2403 0.6117
vn -0.8559 0.3797 0.3512
vn -0.8744 0.4819 0.0563
vn -0.8074 0.5371 -0.2441
vn 0.0791 0.2545 -0.9638
vn 0.3014 0.1218 -0.9457
vn 0.7690 -0.2801 -0.5746
vn 0.8490 -0.3917 -0.3545
vn 0.4520 -0.4845 0.7489
vn 0.1995 -0.3821 0.9023
vn -0.0726 -0.2424 0.9675
vn -0.3374 -0.0789 0.9380
vn -0.5693 0.0922 0.8169
vn -0.7456 0.2543 0.6160
vn -0.8490 0.3916 0.3548
vn -0.8694 0.4906 0.0589
vn -0.8048 0.5417 -0.2428
vn 0.0723 0.2425 -0.9674
vn 0.2935 0.1081 -0.9498
vn 0.7613 -0.2932 -0.5784
vn 0.8424 -0.4030 -0.3578
vn 0.4546 -0.4802 0.7501
vn 0.2043 -0.3739 0.9047
vn -0.0659 -0.2311 0.9707
vn -0.3296 -0.0657 0.9418
vn -0.5611 0.1062 0.8209
vn -0.7377 0.2676 0.6198
vn -0.8423 0.4029 0.3580
vn -0.8645 0.4988 0.0613
vn -0.8022 0.5460 -0.2416
vn 0.0657 0.2312 -0.9707
vn 0.2858 0.0950 -0.9536
vn 0.7539 -0.3054 -0.5817
vn 0.8359 -0.4136 -0.3608
vn 0.4571 -0.4762 0.7512
vn 0.2090 -0.3662 0.9068
vn -0.0594 -0.2205 0.9736
vn -0.3221 -0.0532 0.9452
vn -0.5532 0.1193 0.8245
vn -0.7302 0.2801 0.6231
vn -0.8359 0.4135 0.3609
vn -0.8599 0.5066 0.0633
vn -0.7997 0.5501 -0.2405
vn 0.0593 0.2205 -0.9736
vn 0.2784 0.0828 -0.9569
vn 0.7468 -0.3169 -0.5847
vn 0.8298 -0.4235 -0.3634
vn 0.4595 -0.4724 0.7522
vn 0.2135 -0.3590 0.9086
vn -0.0533 -0.2105 0.9761
vn -0.3149 -0.0415 0.9482
vn -0.5456 0.1316 0.8276
vn -0.7230 0.2918 0.6261
vn -0.8298 0.4235 0.3634
vn -0.8554 0.5138 0.0651
vn -0.7974 0.5539 -0.2396
vn 0.0533 0.2105 -0.9761
vn 0.2714 0.0713 -0.9598
vn 0.7431 -0.3228 -0.5862
vn 0.8265 -0.4285 -0.3651
vn 0.4611 -0.4706 0.7523
vn 0.2163 -0.3555 0.9093
vn -0.0498 -0.2056 0.9774
vn -0.3109 -0.0355 0.9498
vn -0.5417 0.1380 0.8292
vn -0.7194 0.2980 0.6275
vn -0.8267 0.4288 0.3643
vn -0.8531 0.5177 0.0655
vn -0.7960 0.5559 -0.2397
vn 0.0505 0.2051 -0.9774
vn 0.2678 0.0653 -0.9613
vn 0.7444 -0.3205 -0.5858
vn 0.8276 -0.4265 -0.3649
vn 0.4609 -0.4714 0.7519
vn 0.2157 -0.3570 0.9089
vn -0.0508 -0.2076 0.9769
vn -0.3122 -0.0379 0.9493
vn -0.5431 0.1356 0.8286
vn -0.7208 0.2958 0.6268
vn -0.8279 0.4270 0.3637
vn -0.8539 0.5163 0.0649
vn -0.7963 0.5552 -0.2403
vn 0.0520 0.2069 -0.9770
vn 0.2693 0.0675 -0.9607
vn 0.7460 -0.3181 -0.5851
vn 0.8290 -0.4244 -0.3643
vn 0.4602 -0.4721 0.7519
vn 0.2145 -0.3584 0.9086
vn -0.0523 -0.2096 0.9764
vn -0.3139 -0.0403 0.9486
vn -0.5448 0.1330 0.8280
vn -0.7223 0.2932 0.6263
vn -0.8292 0.4248 0.3633
vn -0.8549 0.5147 0.0648
vn -0.7969 0.5543 -0.2401
vn 0.0532 0.2091 -0.9765
vn 0.2707 0.0699 -0.9601
vn 0.7439 -0.3216 -0.5859
vn 0.8272 -0.4274 -0.3649
vn 0.4606 -0.4709 0.7524
vn 0.2155 -0.3561 0.9092
vn -0.0506 -0.2065 0.9771
vn -0.3118 -0.0367 0.9494
vn -0.5425 0.1367 0.8289
vn -0.7201 0.2967 0.6273
vn -0.8273 0.4277 0.3643
vn -0.8536 0.5168 0.0656
vn -0.7963 0.5554 -0.2395
vn 0.0512 0.2062 -0.9772
vn 0.2685 0.0666 -0.9610
vn 0.7375 -0.3319 -0.5882
vn 0.8216 -0.4364 -0.3668
vn 0.4624 -0.4674 0.7535
vn 0.2193 -0.3495 0.9109
vn -0.0453 -0.1975 0.9793
vn -0.3053 -0.0262 0.9519
vn -0.5356 0.1476 0.8315
vn -0.7134 0.3071 0.6299
vn -0.8216 0.4365 0.3666
vn -0.8495 0.5232 0.0675
vn -0.7943 0.5588 -0.2382
vn 0.0455 0.1974 -0.9793
vn 0.2620 0.0564 -0.9634
vn 0.7254 -0.3507 -0.5923
vn 0.8112 -0.4527 -0.3702
vn 0.4660 -0.4609 0.7552
vn 0.2265 -0.3374 0.9137
vn -0.0351 -0.1809 0.9829
vn -0.2931 -0.0069 0.9560
vn -0.5226 0.1678 0.8359
vn -0.7010 0.3262 0.6342
vn -0.8110 0.4527 0.3706
vn -0.8419 0.5350 0.0707
vn -0.7905 0.5651 -0.2363
vn 0.0348 0.1812 -0.9828
vn 0.2498 0.0377 -0.9676
vn 0.7061 -0.3643 -0.6072
vn 0.7897 -0.4681 -0.3966
vn 0.4381 -0.4358 0.7862
vn 0.2388 -0.3178 0.9176
vn -0.0178 -0.1541 0.9879
vn -0.2725 0.0244 0.9618
vn -0.5007 0.2006 0.8421
vn -0.6800 0.3572 0.6403
vn -0.7932 0.4790 0.3761
vn -0.8290 0.5541 0.0750
vn -0.7839 0.5753 -0.2335
vn 0.0309 0.1519 -0.9879
vn 0.2480 0.0097 -0.9687
vn 0.6990 -0.3725 -0.6104
vn 0.7812 -0.4833 -0.3951
vn 0.4249 -0.4016 0.8113
vn 0.2593 -0.2869 0.9222
vn 0.0109 -0.1121 0.9936
vn -0.2383 0.0735 0.9684
vn -0.4643 0.2519 0.8491
vn -0.6452 0.4058 0.6473
vn -0.7635 0.5203 0.3825
vn -0.8076 0.5842 0.0803
vn -0.7738 0.5903 -0.2297
vn 0.0055 0.1509 -0.9885
vn 0.2434 -0.0005 -0.9699
vn -0.6811 0.5042 -0.5309
vn -0.7540 0.6169 -0.2256
vn 0.4849 -0.3871 0.7842
vn 0.2946 -0.2383 0.9254
vn 0.0603 -0.0459 0.9971
vn -0.1794 0.1507 0.9722
vn -0.4017 0.3325 0.8532
vn -0.5853 0.4821 0.6519
vn -0.7125 0.5851 0.3873
vn -0.7707 0.6315 0.0849
vn 0.6347 -0.5313 0.5612
vn 0.5340 -0.3656 0.7624
vn 0.3592 -0.1609 0.9193
vn 0.1505 0.0589 0.9869
vn -0.0722 0.2725 0.9594
vn -0.2878 0.4595 0.8402
vn -0.4761 0.6023 0.6407
vn -0.6192 0.6874 0.3795
vn -0.7031 0.7065 0.0811
vn -0.7188 0.6574 -0.2262
vn 0.6480 -0.4974 0.5768
vn 0.5978 -0.3031 0.7421
vn 0.4798 -0.0492 0.8760
vn 0.3168 0.2086 0.9253
vn 0.1240 0.4456 0.8866
vn -0.0804 0.6400 0.7642
vn -0.2776 0.7736 0.5697
vn -0.4490 0.8339 0.3210
vn -0.5783 0.8148 0.0410
vn -0.6522 0.7176 -0.2443
vn -0.6689 0.5841 -0.4598
vn 0.8127 -0.2514 0.5257
vn 0.7079 -0.4693 0.5278
vn 0.8554 0.3460 0.3854
vn 0.8767 0.0508 0.4784
vn 0.7527 0.6065 0.2562
vn 0.5792 0.8087 0.1028
vn 0.3512 0.9343 -0.0606
vn 0.0892 0.9716 -0.2191
vn -0.1827 0.9159 -0.3575
vn -0.4390 0.7706 -0.4619
vn -0.6091 0.6061 -0.5115
vn 0.6399 -0.5655 0.5203
vn 0.5963 -0.6076 0.5247
vn 0.5519 -0.6400 0.5346
vn 0.4725 -0.7035 0.5309
vn 0.6368 -0.5747 0.5140
vn -0.2864 -0.9352 0.2083
vn -0.4030 -0.8516 0.3354
vn -0.1407 -0.8617 0.4875
vn -0.0645 -0.9376 0.3416
vn -0.7568 0.4291 -0.4931
vn -0.7215 0.4609 -0.5168
vn -0.5761 -0.7875 0.2190
vn -0.4916 -0.8680 0.0704
vn -0.7298 -0.6735 -0.1175
vn -0.7855 -0.6165 0.0538
vn -0.7115 0.3273 -0.6218
vn -0.6695 0.5214 -0.5291
vn -0.5156 -0.7305 -0.4479
vn -0.3770 -0.7251 -0.5762
vn -0.4873 -0.5612 -0.6691
vn -0.6387 -0.5329 -0.5550
vn 0.6261 -0.6155 0.4787
vn 0.6470 -0.5674 0.5093
vn -0.6741 0.5226 -0.5220
vn -0.6412 0.5612 -0.5233
vn -0.6545 0.5396 -0.5296
vn 0.6672 -0.5396 0.5134
vn 0.6669 -0.5394 0.5141
vn 0.6671 -0.5394 0.5138
vn 0.6673 -0.5394 0.5136
vn 0.6673 -0.5395 0.5134
vn 0.6674 -0.5396 0.5132
vn 0.6674 -0.5398 0.5130
vn 0.6674 -0.5400 0.5129
vn 0.6674 -0.5401 0.5127
vn 0.6674 -0.5403 0.5125
vn 0.6673 -0.5405 0.5124
vn 0.6673 -0.5407 0.5123
vn 0.6673 -0.5408 0.5121
vn 0.6672 -0.5410 0.5120
vn 0.6672 -0.5411 0.5119
vn 0.6675 -0.5413 0.5112
vn 0.6678 -0.5414 0.5108
vn 0.6677 -0.5413 0.5111
vn 0.6675 -0.5413 0.5114
vn 0.6672 -0.5414 0.5116
vn 0.6668 -0.5415 0.5120
vn 0.6535 -0.5477 0.5224
vn -0.8195 0.3402 -0.4611
vn -0.6631 0.4949 -0.5616
vn -0.9117 -0.2567 -0.3209
vn -0.9651 -0.2129 -0.1525
vn -0.8895 -0.4543 -0.0486
vn -0.8469 -0.4775 -0.2340
vn 0.6540 -0.5385 0.5314
vn 0.6546 -0.5383 0.5308
vn 0.6545 -0.5380 0.5313
vn 0.6543 -0.5378 0.5316
vn 0.6542 -0.5377 0.5319
vn 0.6540 -0.5377 0.5321
vn 0.6543 -0.5378 0.5317
vn 0.6547 -0.5378 0.5311
vn 0.6549 -0.5377 0.5311
vn 0.6550 -0.5376 0.5310
vn 0.6552 -0.5374 0.5310
vn 0.6553 -0.5373 0.5309
vn 0.6555 -0.5372 0.5308
vn 0.6557 -0.5370 0.5307
vn 0.6558 -0.5369 0.5307
vn 0.6560 -0.5368 0.5306
vn 0.6562 -0.5367 0.5304
vn 0.6564 -0.5366 0.5303
vn 0.6566 -0.5366 0.5301
vn 0.6567 -0.5366 0.5299
vn 0.6569 -0.5367 0.5296
vn 0.6563 -0.5367 0.5302
vn 0.6704 -0.5150 0.5342
vn -0.6654 0.5425 -0.5127
vn -0.6649 0.5426 -0.5134
vn -0.6650 0.5427 -0.5131
vn -0.6652 0.5427 -0.5128
vn -0.6654 0.5426 -0.5127
vn -0.6655 0.5426 -0.5125
vn -0.6657 0.5425 -0.5124
vn -0.6659 0.5423 -0.5123
vn -0.6660 0.5422 -0.5122
vn -0.6662 0.5421 -0.5122
vn -0.6664 0.5419 -0.5121
vn -0.6666 0.5418 -0.5120
vn -0.6667 0.5417 -0.5119
vn -0.6669 0.5415 -0.5119
vn -0.6670 0.5414 -0.5118
vn -0.6675 0.5414 -0.5112
vn -0.6677 0.5415 -0.5108
vn -0.6675 0.5415 -0.5110
vn -0.6674 0.5414 -0.5113
vn -0.6673 0.5413 -0.5117
vn -0.6671 0.5410 -0.5121
vn -0.6643 0.5305 -0.5265
vn 0.6800 -0.5176 0.5193
vn -0.6547 0.5373 -0.5317
vn -0.6549 0.5377 -0.5309
vn -0.6545 0.5379 -0.5313
vn -0.6542 0.5379 -0.5316
vn -0.6540 0.5379 -0.5319
vn -0.6539 0.5379 -0.5321
vn -0.6542 0.5379 -0.5317
vn -0.6545 0.5381 -0.5311
vn -0.6545 0.5382 -0.5310
vn -0.6545 0.5384 -0.5308
vn -0.6545 0.5386 -0.5307
vn -0.6544 0.5388 -0.5305
vn -0.6544 0.5389 -0.5304
vn -0.6544 0.5391 -0.5302
vn -0.6544 0.5393 -0.5301
vn -0.6544 0.5394 -0.5299
vn -0.6544 0.5396 -0.5298
vn -0.6544 0.5397 -0.5296
vn -0.6545 0.5398 -0.5294
vn -0.6546 0.5399 -0.5291
vn -0.6549 0.5399 -0.5288
vn -0.1890 0.3981 0.8976
vn -0.0238 0.5517 0.8337
vn -0.3587 0.5367 0.7638
vn -0.1841 0.6826 0.7072
vn -0.3254 0.2346 0.9160
vn -0.5052 0.3815 0.7741
vn -0.3151 0.2441 0.9171
vn -0.4979 0.3934 0.7729
vn -0.3193 0.2389 0.9170
vn -0.5021 0.3881 0.7728
vn -0.3262 0.2302 0.9168
vn -0.5090 0.3795 0.7726
vn -0.3350 0.2190 0.9164
vn -0.5178 0.3683 0.7721
vn -0.3451 0.2059 0.9157
vn -0.5280 0.3552 0.7714
vn -0.3560 0.1915 0.9146
vn -0.5389 0.3409 0.7703
vn -0.3672 0.1765 0.9133
vn -0.5501 0.3258 0.7689
vn -0.3783 0.1612 0.9115
vn -0.5612 0.3105 0.7672
vn -0.3891 0.1461 0.9095
vn -0.5720 0.2954 0.7652
vn -0.3994 0.1313 0.9073
vn -0.5823 0.2806 0.7630
vn -0.4092 0.1170 0.9049
vn -0.5920 0.2663 0.7606
vn -0.4183 0.1034 0.9024
vn -0.6012 0.2528 0.7581
vn -0.4267 0.0906 0.8998
vn -0.6096 0.2399 0.7555
vn -0.4346 0.0785 0.8972
vn -0.6174 0.2278 0.7529
vn -0.4386 0.0723 0.8958
vn -0.6214 0.2215 0.7516
vn -0.4372 0.0746 0.8963
vn -0.6199 0.2238 0.7521
vn -0.4355 0.0772 0.8969
vn -0.6182 0.2264 0.7527
vn -0.4378 0.0735 0.8961
vn -0.6206 0.2228 0.7518
vn -0.4446 0.0627 0.8935
vn -0.6275 0.2120 0.7492
vn -0.4569 0.0426 0.8885
vn -0.6399 0.1920 0.7441
vn -0.4710 0.0299 0.8816
vn -0.6459 0.1727 0.7436
vn -0.4725 0.0260 0.8809
vn -0.6485 0.1696 0.7421
vn -0.0782 -0.9905 -0.1127
vn -0.0007 -0.9585 -0.2851
vn -0.1677 -0.8961 -0.4110
vn -0.2775 -0.9249 -0.2600
vn -0.5838 -0.2880 -0.7591
vn -0.7141 -0.2980 -0.6334
vn 0.1250 -0.9918 0.0261
vn 0.2216 -0.9670 -0.1261
vn -0.9341 0.3109 -0.1754
vn -0.9113 0.0619 -0.4070
vn 0.5950 -0.2535 -0.7627
vn 0.5932 -0.2574 -0.7628
vn 0.4201 -0.1107 -0.9007
vn 0.4172 -0.1137 -0.9017
vn 0.6091 -0.2408 -0.7557
vn 0.4261 -0.0914 -0.9000
vn 0.6219 -0.2209 -0.7513
vn 0.4390 -0.0715 -0.8956
vn 0.6287 -0.2100 -0.7488
vn 0.4459 -0.0607 -0.8930
vn 0.6309 -0.2063 -0.7479
vn 0.4482 -0.0571 -0.8921
vn 0.6293 -0.2089 -0.7486
vn 0.4466 -0.0597 -0.8927
vn 0.6278 -0.2113 -0.7491
vn 0.4451 -0.0620 -0.8933
vn 0.6318 -0.2050 -0.7475
vn 0.4489 -0.0557 -0.8918
vn 0.6393 -0.1928 -0.7444
vn 0.4564 -0.0435 -0.8887
vn 0.6471 -0.1798 -0.7409
vn 0.4643 -0.0305 -0.8852
vn 0.6553 -0.1660 -0.7369
vn 0.4724 -0.0167 -0.8812
vn 0.6637 -0.1514 -0.7325
vn 0.4808 -0.0021 -0.8768
vn 0.6723 -0.1361 -0.7276
vn 0.4894 0.0132 -0.8719
vn 0.6810 -0.1204 -0.7223
vn 0.4981 0.0289 -0.8666
vn 0.6896 -0.1045 -0.7167
vn 0.5067 0.0449 -0.8610
vn 0.6978 -0.0886 -0.7108
vn 0.5149 0.0607 -0.8551
vn 0.7056 -0.0734 -0.7048
vn 0.5227 0.0759 -0.8492
vn 0.7125 -0.0595 -0.6992
vn 0.5296 0.0898 -0.8435
vn 0.7183 -0.0474 -0.6941
vn 0.5354 0.1019 -0.8384
vn 0.7227 -0.0382 -0.6901
vn 0.5399 0.1111 -0.8344
vn 0.7253 -0.0325 -0.6877
vn 0.5425 0.1167 -0.8319
vn 0.7186 -0.0429 -0.6941
vn 0.5387 0.1039 -0.8361
vn 0.7846 0.1393 -0.6041
vn 0.6150 0.2778 -0.7380
vn 0.8205 0.3273 -0.4687
vn 0.6602 0.4581 -0.5952
vn 0.6158 -0.3854 0.6872
vn 0.7609 -0.3405 0.5523
vn 0.4275 0.1665 0.8886
vn 0.3026 -0.0239 0.9528
vn -0.6360 0.7420 0.2121
vn -0.4406 0.8744 0.2032
vn -0.5272 0.7114 -0.4647
vn -0.6709 0.6649 -0.3282
vn 0.5776 -0.4750 0.6639
vn 0.1913 -0.1687 0.9669
vn -0.7627 0.6103 0.2141
vn -0.7235 0.5873 -0.3628
vn 0.5784 -0.4750 0.6632
vn 0.1895 -0.1643 0.9680
vn -0.7606 0.6115 0.2183
vn -0.7229 0.5875 -0.3636
vn 0.5770 -0.4754 0.6641
vn 0.1857 -0.1672 0.9683
vn -0.7633 0.6076 0.2195
vn -0.7240 0.5869 -0.3624
vn 0.5753 -0.4765 0.6648
vn 0.1801 -0.1726 0.9684
vn -0.7679 0.6015 0.2203
vn -0.7254 0.5857 -0.3616
vn 0.5734 -0.4782 0.6653
vn 0.1734 -0.1801 0.9682
vn -0.7740 0.5935 0.2207
vn -0.7272 0.5838 -0.3610
vn 0.5713 -0.4803 0.6655
vn 0.1659 -0.1890 0.9679
vn -0.7810 0.5842 0.2207
vn -0.7292 0.5816 -0.3606
vn 0.5691 -0.4827 0.6657
vn 0.1579 -0.1988 0.9672
vn -0.7886 0.5740 0.2204
vn -0.7313 0.5791 -0.3604
vn 0.5669 -0.4853 0.6657
vn 0.1498 -0.2092 0.9663
vn -0.7965 0.5634 0.2197
vn -0.7334 0.5764 -0.3604
vn 0.5647 -0.4880 0.6655
vn 0.1417 -0.2199 0.9652
vn -0.8043 0.5525 0.2187
vn -0.7355 0.5737 -0.3605
vn 0.5627 -0.4907 0.6653
vn 0.1339 -0.2305 0.9638
vn -0.8119 0.5418 0.2175
vn -0.7375 0.5710 -0.3607
vn 0.5607 -0.4933 0.6650
vn 0.1265 -0.2408 0.9623
vn -0.8191 0.5313 0.2161
vn -0.7395 0.5683 -0.3609
vn 0.5588 -0.4959 0.6647
vn 0.1196 -0.2508 0.9606
vn -0.8260 0.5213 0.2145
vn -0.7413 0.5657 -0.3612
vn 0.5571 -0.4983 0.6643
vn 0.1130 -0.2603 0.9589
vn -0.8324 0.5117 0.2129
vn -0.7430 0.5633 -0.3616
vn 0.5555 -0.5006 0.6639
vn 0.1070 -0.2693 0.9571
vn -0.8384 0.5026 0.2111
vn -0.7446 0.5609 -0.3619
vn 0.5540 -0.5028 0.6635
vn 0.1014 -0.2778 0.9553
vn -0.8439 0.4940 0.2094
vn -0.7460 0.5587 -0.3623
vn 0.5532 -0.5039 0.6633
vn 0.0984 -0.2822 0.9543
vn -0.8467 0.4895 0.2085
vn -0.7468 0.5576 -0.3625
vn 0.5534 -0.5035 0.6635
vn 0.0994 -0.2804 0.9547
vn -0.8456 0.4912 0.2090
vn -0.7466 0.5580 -0.3622
vn 0.5536 -0.5029 0.6638
vn 0.1004 -0.2785 0.9552
vn -0.8444 0.4930 0.2096
vn -0.7464 0.5585 -0.3620
vn 0.5530 -0.5036 0.6638
vn 0.0986 -0.2810 0.9546
vn -0.8460 0.4903 0.2092
vn -0.7469 0.5579 -0.3619
vn 0.5516 -0.5055 0.6635
vn 0.0935 -0.2885 0.9529
vn -0.8509 0.4826 0.2077
vn -0.7482 0.5559 -0.3622
vn 0.5491 -0.5091 0.6628
vn 0.0845 -0.3026 0.9494
vn -0.8596 0.4683 0.2045
vn -0.7506 0.5522 -0.3628
vn 0.5431 -0.5142 0.6638
vn 0.0619 -0.3188 0.9458
vn -0.8635 0.5026 -0.0412
vn 0.3776 -0.6634 0.6460
vn 0.0449 -0.3260 0.9443
vn 0.6572 -0.7503 0.0716
vn 0.3835 -0.8995 0.2092
vn 0.2616 -0.8370 0.4807
vn 0.9754 -0.2033 -0.0848
vn 0.9999 0.0131 0.0064
vn 0.8137 -0.4383 0.3817
vn -0.4727 0.6125 -0.6336
vn 0.1327 0.7224 -0.6786
vn 0.0373 0.5632 -0.8254
vn 0.9190 -0.3622 -0.1556
vn 0.7632 -0.5244 0.3776
vn -0.5379 0.5380 -0.6490
vn -0.0350 0.4168 -0.9083
vn 0.9200 -0.3585 -0.1586
vn 0.7629 -0.5241 0.3786
vn -0.5384 0.5385 -0.6482
vn -0.0301 0.4173 -0.9083
vn 0.9181 -0.3619 -0.1615
vn 0.7631 -0.5248 0.3771
vn -0.5379 0.5375 -0.6495
vn -0.0308 0.4129 -0.9102
vn 0.9150 -0.3680 -0.1652
vn 0.7628 -0.5263 0.3756
vn -0.5379 0.5358 -0.6508
vn -0.0331 0.4061 -0.9132
vn 0.9109 -0.3762 -0.1694
vn 0.7622 -0.5284 0.3741
vn -0.5384 0.5336 -0.6522
vn -0.0365 0.3974 -0.9169
vn 0.9061 -0.3858 -0.1738
vn 0.7612 -0.5308 0.3726
vn -0.5392 0.5311 -0.6536
vn -0.0408 0.3874 -0.9210
vn 0.9006 -0.3963 -0.1784
vn 0.7600 -0.5335 0.3712
vn -0.5403 0.5283 -0.6549
vn -0.0459 0.3765 -0.9253
vn 0.8948 -0.4073 -0.1829
vn 0.7587 -0.5363 0.3699
vn -0.5416 0.5254 -0.6562
vn -0.0514 0.3653 -0.9295
vn 0.8888 -0.4185 -0.1871
vn 0.7572 -0.5392 0.3686
vn -0.5430 0.5225 -0.6574
vn -0.0572 0.3539 -0.9335
vn 0.8826 -0.4295 -0.1910
vn 0.7558 -0.5420 0.3675
vn -0.5444 0.5196 -0.6585
vn -0.0632 0.3428 -0.9373
vn 0.8766 -0.4402 -0.1946
vn 0.7543 -0.5448 0.3664
vn -0.5459 0.5168 -0.6595
vn -0.0691 0.3319 -0.9408
vn 0.8706 -0.4505 -0.1978
vn 0.7528 -0.5474 0.3655
vn -0.5473 0.5141 -0.6604
vn -0.0749 0.3216 -0.9439
vn 0.8648 -0.4602 -0.2007
vn 0.7514 -0.5499 0.3647
vn -0.5487 0.5116 -0.6612
vn -0.0806 0.3118 -0.9467
vn 0.8593 -0.4693 -0.2033
vn 0.7500 -0.5523 0.3640
vn -0.5501 0.5092 -0.6619
vn -0.0860 0.3026 -0.9492
vn 0.8540 -0.4779 -0.2056
vn 0.7486 -0.5545 0.3633
vn -0.5514 0.5070 -0.6625
vn -0.0912 0.2939 -0.9515
vn 0.8512 -0.4823 -0.2068
vn 0.7480 -0.5557 0.3629
vn -0.5520 0.5058 -0.6629
vn -0.0939 0.2894 -0.9526
vn 0.8523 -0.4806 -0.2065
vn 0.7483 -0.5553 0.3629
vn -0.5517 0.5062 -0.6629
vn -0.0927 0.2910 -0.9522
vn 0.8534 -0.4787 -0.2063
vn 0.7487 -0.5548 0.3628
vn -0.5513 0.5066 -0.6629
vn -0.0914 0.2928 -0.9518
vn 0.8518 -0.4812 -0.2071
vn 0.7484 -0.5555 0.3625
vn -0.5515 0.5059 -0.6632
vn -0.0929 0.2901 -0.9525
vn 0.8469 -0.4888 -0.2092
vn 0.7472 -0.5575 0.3618
vn -0.5526 0.5039 -0.6639
vn -0.0975 0.2823 -0.9544
vn 0.8378 -0.5028 -0.2126
vn 0.7450 -0.5612 0.3607
vn -0.5548 0.5001 -0.6649
vn -0.1062 0.2680 -0.9575
vn 0.8191 -0.5732 0.0246
vn -0.5563 0.4933 -0.6687
vn -0.1108 0.2411 -0.9641
vn -0.6143 0.2878 -0.7347
vn -0.1097 0.2232 -0.9686
vn -0.7462 0.0680 -0.6623
vn -0.5228 -0.8296 -0.1961
vn -0.5228 -0.8296 -0.1959
vn -0.5228 -0.8297 -0.1958
vn -0.5229 -0.8296 -0.1959
vn -0.5227 -0.8297 -0.1961
vn -0.5227 -0.8297 -0.1960
vn -0.5229 -0.8296 -0.1960
vn -0.5229 -0.8296 -0.1961
vn -0.5227 -0.8297 -0.1959
vn -0.5227 -0.8297 -0.1958
vn -0.5229 -0.8296 -0.1958
vn -0.5228 -0.8296 -0.1958
vn -0.5229 -0.8295 -0.1960
vt 0.015618 0.000102
vt 0.016061 0.014005
vt 0.015657 0.014016
vt 0.015379 0.000109
vt 0.015857 0.000093
vt 0.016466 0.013990
vt 0.016097 0.000082
vt 0.016869 0.013969
vt 0.016336 0.000067
vt 0.017273 0.013944
vt 0.016574 0.000049
vt 0.017676 0.013913
vt 0.097120 0.000064
vt 0.096371 0.013631
vt 0.095977 0.013606
vt 0.096887 0.000049
vt 0.097354 0.000075
vt 0.096766 0.013651
vt 0.097587 0.000084
vt 0.097160 0.013666
vt 0.097821 0.000090
vt 0.097555 0.013676
vt 0.098055 0.000093
vt 0.097950 0.013682
vt 0.016484 0.026902
vt 0.015915 0.026917
vt 0.017053 0.026879
vt 0.017622 0.026849
vt 0.018189 0.026811
vt 0.018757 0.026766
vt 0.095630 0.026213
vt 0.095075 0.026175
vt 0.096185 0.026243
vt 0.096741 0.026265
vt 0.097297 0.026280
vt 0.097853 0.026288
vt 0.016892 0.039027
vt 0.016158 0.039047
vt 0.017625 0.038997
vt 0.018358 0.038957
vt 0.019090 0.038907
vt 0.019821 0.038846
vt 0.094895 0.038041
vt 0.094180 0.037991
vt 0.095611 0.038082
vt 0.096328 0.038112
vt 0.097045 0.038132
vt 0.097762 0.038143
vt 0.017288 0.050620
vt 0.016390 0.050644
vt 0.018186 0.050582
vt 0.019083 0.050532
vt 0.019980 0.050469
vt 0.020875 0.050393
vt 0.094165 0.049351
vt 0.093289 0.049287
vt 0.095041 0.049402
vt 0.095919 0.049440
vt 0.096796 0.049466
vt 0.097674 0.049479
vt 0.017679 0.061919
vt 0.016616 0.061948
vt 0.018741 0.061874
vt 0.019803 0.061814
vt 0.020863 0.061739
vt 0.021922 0.061648
vt 0.093437 0.060375
vt 0.092401 0.060299
vt 0.094474 0.060436
vt 0.095512 0.060482
vt 0.096550 0.060512
vt 0.097589 0.060528
vt 0.018068 0.073163
vt 0.016842 0.073196
vt 0.019295 0.073112
vt 0.020520 0.073043
vt 0.021745 0.072956
vt 0.022968 0.072851
vt 0.092710 0.071348
vt 0.091513 0.071261
vt 0.093908 0.071418
vt 0.095106 0.071471
vt 0.096305 0.071506
vt 0.097505 0.071524
vt 0.018461 0.084591
vt 0.017070 0.084629
vt 0.019852 0.084534
vt 0.021241 0.084457
vt 0.022630 0.084361
vt 0.024018 0.084245
vt 0.091982 0.082504
vt 0.090625 0.082407
vt 0.093340 0.082582
vt 0.094699 0.082640
vt 0.096059 0.082679
vt 0.097418 0.082699
vt 0.018863 0.096444
vt 0.017308 0.096486
vt 0.020417 0.096382
vt 0.021971 0.096298
vt 0.023524 0.096193
vt 0.025076 0.096068
vt 0.091251 0.094077
vt 0.089734 0.093973
vt 0.092770 0.094160
vt 0.094289 0.094223
vt 0.095809 0.094266
vt 0.097329 0.094288
vt 0.019278 0.108962
vt 0.017558 0.109007
vt 0.020997 0.108895
vt 0.022715 0.108806
vt 0.024433 0.108695
vt 0.026150 0.108562
vt 0.090516 0.106301
vt 0.088837 0.106192
vt 0.092195 0.106388
vt 0.093875 0.106454
vt 0.095554 0.106499
vt 0.097235 0.106523
vt 0.019711 0.122384
vt 0.017827 0.122432
vt 0.021594 0.122313
vt 0.023477 0.122220
vt 0.025359 0.122105
vt 0.027241 0.121968
vt 0.089774 0.119410
vt 0.087935 0.119299
vt 0.091614 0.119499
vt 0.093454 0.119567
vt 0.095293 0.119613
vt 0.097133 0.119638
vt 0.020164 0.136943
vt 0.018118 0.136994
vt 0.022210 0.136871
vt 0.024257 0.136777
vt 0.026304 0.136663
vt 0.028351 0.136527
vt 0.089031 0.133636
vt 0.087031 0.133529
vt 0.091031 0.133722
vt 0.093029 0.133788
vt 0.095027 0.133833
vt 0.097024 0.133859
vt 0.020626 0.152798
vt 0.018436 0.152849
vt 0.022818 0.152736
vt 0.025013 0.152661
vt 0.027216 0.152574
vt 0.029428 0.152475
vt 0.088343 0.149176
vt 0.086185 0.149108
vt 0.090491 0.149231
vt 0.092633 0.149275
vt 0.094770 0.149307
vt 0.096906 0.149327
vt 0.020925 0.166403
vt 0.018708 0.166448
vt 0.023143 0.166355
vt 0.025362 0.166305
vt 0.027582 0.166253
vt 0.029805 0.166199
vt 0.088161 0.162495
vt 0.085999 0.162471
vt 0.090324 0.162518
vt 0.092485 0.162541
vt 0.094645 0.162561
vt 0.096804 0.162579
vt 0.021337 0.186753
vt 0.019115 0.186798
vt 0.023559 0.186709
vt 0.025781 0.186664
vt 0.028003 0.186619
vt 0.030226 0.186573
vt 0.087998 0.182322
vt 0.085835 0.182304
vt 0.090162 0.182339
vt 0.092325 0.182356
vt 0.094489 0.182373
vt 0.096652 0.182390
vt 0.021851 0.212437
vt 0.019629 0.212481
vt 0.024073 0.212392
vt 0.026296 0.212348
vt 0.028518 0.212303
vt 0.030741 0.212259
vt 0.087804 0.207327
vt 0.085641 0.207310
vt 0.089968 0.207343
vt 0.092131 0.207360
vt 0.094295 0.207377
vt 0.096459 0.207394
vt 0.022445 0.242107
vt 0.020223 0.242151
vt 0.024667 0.242063
vt 0.026890 0.242018
vt 0.029112 0.241974
vt 0.031334 0.241929
vt 0.087581 0.236212
vt 0.085417 0.236195
vt 0.089745 0.236229
vt 0.091908 0.236245
vt 0.094072 0.236262
vt 0.096235 0.236279
vt 0.023092 0.274434
vt 0.020869 0.274479
vt 0.025314 0.274390
vt 0.027536 0.274345
vt 0.029759 0.274301
vt 0.031981 0.274256
vt 0.087338 0.267684
vt 0.085174 0.267667
vt 0.089501 0.267701
vt 0.091665 0.267718
vt 0.093828 0.267734
vt 0.095992 0.267751
vt 0.023765 0.308090
vt 0.021543 0.308134
vt 0.025987 0.308045
vt 0.028210 0.308001
vt 0.030432 0.307957
vt 0.032654 0.307912
vt 0.087084 0.300450
vt 0.084921 0.300433
vt 0.089248 0.300466
vt 0.091412 0.300483
vt 0.093575 0.300500
vt 0.095739 0.300516
vt 0.024439 0.341745
vt 0.022216 0.341790
vt 0.026661 0.341701
vt 0.028883 0.341656
vt 0.031105 0.341612
vt 0.033328 0.341567
vt 0.086831 0.333215
vt 0.084668 0.333198
vt 0.088995 0.333232
vt 0.091158 0.333248
vt 0.093322 0.333265
vt 0.095485 0.333282
vt 0.025085 0.374072
vt 0.022863 0.374117
vt 0.027308 0.374028
vt 0.029530 0.373983
vt 0.031752 0.373939
vt 0.033975 0.373894
vt 0.086588 0.364687
vt 0.084424 0.364670
vt 0.088751 0.364704
vt 0.090915 0.364720
vt 0.093079 0.364737
vt 0.095242 0.364754
vt 0.025679 0.403742
vt 0.023457 0.403786
vt 0.027901 0.403697
vt 0.030124 0.403653
vt 0.032346 0.403608
vt 0.034568 0.403564
vt 0.086365 0.393572
vt 0.084201 0.393556
vt 0.088528 0.393589
vt 0.090692 0.393606
vt 0.092855 0.393623
vt 0.095019 0.393639
vt 0.026193 0.429426
vt 0.023971 0.429470
vt 0.028415 0.429381
vt 0.030638 0.429337
vt 0.032860 0.429292
vt 0.035082 0.429248
vt 0.086171 0.418578
vt 0.084008 0.418561
vt 0.088335 0.418594
vt 0.090498 0.418611
vt 0.092662 0.418628
vt 0.094825 0.418645
vt 0.032311 0.735117
vt 0.030087 0.735162
vt 0.034534 0.735070
vt 0.036756 0.735021
vt 0.038978 0.734972
vt 0.041199 0.734923
vt 0.083869 0.716182
vt 0.081707 0.716160
vt 0.086032 0.716203
vt 0.088196 0.716223
vt 0.090360 0.716242
vt 0.092525 0.716260
vt 0.032607 0.748895
vt 0.030363 0.748963
vt 0.034849 0.748820
vt 0.037085 0.748739
vt 0.039313 0.748654
vt 0.041529 0.748569
vt 0.083709 0.729503
vt 0.081550 0.729448
vt 0.085878 0.729558
vt 0.088056 0.729609
vt 0.090238 0.729654
vt 0.092422 0.729693
vt 0.032806 0.753732
vt 0.030460 0.753862
vt 0.035064 0.753596
vt 0.037314 0.753452
vt 0.039548 0.753304
vt 0.041749 0.753155
vt 0.083545 0.734034
vt 0.081394 0.733921
vt 0.085717 0.734148
vt 0.087907 0.734257
vt 0.090104 0.734361
vt 0.092386 0.734458
vt 0.033156 0.758305
vt 0.030551 0.758523
vt 0.035427 0.758082
vt 0.037684 0.757854
vt 0.039914 0.757621
vt 0.042115 0.757386
vt 0.083247 0.738237
vt 0.081111 0.738045
vt 0.085422 0.738432
vt 0.087615 0.738621
vt 0.089822 0.738806
vt 0.092353 0.738985
vt 0.033656 0.762688
vt 0.030637 0.763002
vt 0.035936 0.762377
vt 0.038198 0.762055
vt 0.040432 0.761728
vt 0.042627 0.761401
vt 0.082812 0.742235
vt 0.080675 0.741955
vt 0.084985 0.742515
vt 0.087183 0.742792
vt 0.089395 0.743061
vt 0.092320 0.743326
vt 0.034309 0.766951
vt 0.030717 0.767371
vt 0.036603 0.766541
vt 0.038870 0.766120
vt 0.041103 0.765693
vt 0.043291 0.765268
vt 0.082234 0.746095
vt 0.080100 0.745727
vt 0.084405 0.746464
vt 0.086605 0.746830
vt 0.088825 0.747188
vt 0.092289 0.747545
vt 0.035133 0.771168
vt 0.030792 0.771708
vt 0.037444 0.770643
vt 0.039714 0.770110
vt 0.041941 0.769577
vt 0.044119 0.769049
vt 0.081508 0.749878
vt 0.079382 0.749421
vt 0.083674 0.750338
vt 0.085874 0.750799
vt 0.088103 0.751255
vt 0.092260 0.751711
vt 0.036186 0.775390
vt 0.030864 0.776200
vt 0.038496 0.774726
vt 0.040755 0.774073
vt 0.042965 0.773432
vt 0.045126 0.772802
vt 0.080626 0.753637
vt 0.078511 0.753095
vt 0.082780 0.754187
vt 0.084969 0.754745
vt 0.087195 0.755310
vt 0.092230 0.755971
vt 0.034607 0.787219
vt 0.030968 0.784868
vt 0.030945 0.782082
vt 0.036372 0.785354
vt 0.039793 0.778797
vt 0.037532 0.779597
vt 0.042008 0.778034
vt 0.044185 0.777298
vt 0.046324 0.776580
vt 0.079583 0.757420
vt 0.077480 0.756806
vt 0.081714 0.758045
vt 0.083874 0.758687
vt 0.086066 0.759354
vt 0.092206 0.758762
vt 0.085602 0.763675
vt 0.084726 0.763358
vt 0.030899 0.779195
vt 0.041322 0.782828
vt 0.039171 0.783724
vt 0.043457 0.781998
vt 0.045581 0.781208
vt 0.047693 0.780439
vt 0.078397 0.761271
vt 0.076306 0.760615
vt 0.080497 0.761938
vt 0.082605 0.762628
vt 0.092193 0.761469
vt 0.096851 0.764780
vt 0.094973 0.766320
vt 0.092176 0.763932
vt 0.036293 0.789998
vt 0.038367 0.788872
vt 0.042985 0.786779
vt 0.040994 0.787620
vt 0.045020 0.785974
vt 0.047084 0.785196
vt 0.049170 0.784432
vt 0.077118 0.765236
vt 0.075037 0.764581
vt 0.079183 0.765898
vt 0.081227 0.766574
vt 0.083237 0.767270
vt 0.085927 0.768289
vt 0.087503 0.764706
vt 0.089358 0.766248
vt 0.088124 0.769179
vt 0.037793 0.793383
vt 0.039976 0.792515
vt 0.044549 0.790755
vt 0.042597 0.791489
vt 0.046545 0.790029
vt 0.048580 0.789312
vt 0.050649 0.788602
vt 0.075833 0.769365
vt 0.073756 0.768749
vt 0.077886 0.769983
vt 0.079913 0.770603
vt 0.081908 0.771225
vt 0.084621 0.772084
vt 0.086930 0.772807
vt 0.039094 0.797147
vt 0.041365 0.796414
vt 0.045986 0.794906
vt 0.044026 0.795543
vt 0.047980 0.794267
vt 0.050007 0.793629
vt 0.052069 0.792994
vt 0.074588 0.773722
vt 0.072509 0.773161
vt 0.076643 0.774283
vt 0.078675 0.774841
vt 0.080685 0.775396
vt 0.083438 0.776152
vt 0.085816 0.776791
vt 0.040298 0.801277
vt 0.042630 0.800638
vt 0.047314 0.799328
vt 0.045336 0.799882
vt 0.049317 0.798770
vt 0.051347 0.798210
vt 0.053405 0.797651
vt 0.073395 0.778363
vt 0.071312 0.777859
vt 0.075457 0.778865
vt 0.077501 0.779365
vt 0.079529 0.779861
vt 0.082321 0.780537
vt 0.084745 0.781114
vt 0.041427 0.805786
vt 0.043805 0.805224
vt 0.048548 0.804082
vt 0.046550 0.804564
vt 0.050563 0.803596
vt 0.052598 0.803108
vt 0.054657 0.802620
vt 0.072256 0.783334
vt 0.070169 0.782886
vt 0.074326 0.783782
vt 0.076382 0.784227
vt 0.078427 0.784669
vt 0.081249 0.785276
vt 0.083705 0.785798
vt 0.042497 0.810705
vt 0.044909 0.810211
vt 0.049699 0.809216
vt 0.047685 0.809635
vt 0.051725 0.808794
vt 0.053767 0.808371
vt 0.055826 0.807947
vt 0.071173 0.788682
vt 0.069082 0.788285
vt 0.073250 0.789077
vt 0.075316 0.789471
vt 0.077374 0.789863
vt 0.080219 0.790404
vt 0.082697 0.790870
vt 0.043511 0.816068
vt 0.045946 0.815637
vt 0.050773 0.814774
vt 0.048747 0.815136
vt 0.052808 0.814409
vt 0.054855 0.814044
vt 0.056916 0.813678
vt 0.070146 0.794450
vt 0.068052 0.794102
vt 0.072229 0.794797
vt 0.074303 0.795143
vt 0.076371 0.795488
vt 0.079235 0.795964
vt 0.081730 0.796377
vt 0.044462 0.821915
vt 0.046917 0.821541
vt 0.051772 0.820799
vt 0.049735 0.821111
vt 0.053815 0.820486
vt 0.055865 0.820172
vt 0.057925 0.819858
vt 0.069178 0.800682
vt 0.067083 0.800379
vt 0.071265 0.800985
vt 0.073346 0.801286
vt 0.075423 0.801587
vt 0.078301 0.802003
vt 0.080810 0.802364
vt 0.045349 0.828287
vt 0.047815 0.827970
vt 0.052693 0.827340
vt 0.050648 0.827605
vt 0.054743 0.827074
vt 0.056800 0.826807
vt 0.058866 0.826538
vt 0.068272 0.807432
vt 0.066170 0.807171
vt 0.070366 0.807693
vt 0.072453 0.807952
vt 0.074538 0.808210
vt 0.077428 0.808566
vt 0.079945 0.808876
vt 0.046157 0.835233
vt 0.048636 0.834970
vt 0.053532 0.834446
vt 0.051480 0.834666
vt 0.055588 0.834224
vt 0.057651 0.834002
vt 0.059722 0.833779
vt 0.067438 0.814754
vt 0.065330 0.814535
vt 0.069537 0.814973
vt 0.071631 0.815191
vt 0.073723 0.815407
vt 0.076622 0.815706
vt 0.079150 0.815964
vt 0.046881 0.842803
vt 0.049368 0.842590
vt 0.054279 0.842165
vt 0.052221 0.842344
vt 0.056340 0.841986
vt 0.058406 0.841806
vt 0.060480 0.841626
vt 0.066690 0.822700
vt 0.064579 0.822521
vt 0.068795 0.822878
vt 0.070895 0.823056
vt 0.072992 0.823233
vt 0.075901 0.823476
vt 0.078437 0.823687
vt 0.047506 0.851045
vt 0.050000 0.850879
vt 0.054922 0.850547
vt 0.052859 0.850686
vt 0.056986 0.850408
vt 0.059056 0.850268
vt 0.061131 0.850128
vt 0.066042 0.831320
vt 0.063927 0.831179
vt 0.068150 0.831460
vt 0.070255 0.831599
vt 0.072357 0.831738
vt 0.075273 0.831929
vt 0.077817 0.832095
vt 0.048023 0.860006
vt 0.050521 0.859884
vt 0.055450 0.859641
vt 0.053385 0.859743
vt 0.057517 0.859539
vt 0.059588 0.859437
vt 0.061665 0.859334
vt 0.065505 0.840666
vt 0.063389 0.840562
vt 0.067617 0.840769
vt 0.069725 0.840873
vt 0.071831 0.840975
vt 0.074753 0.841117
vt 0.077303 0.841240
vt 0.048416 0.869737
vt 0.050917 0.869657
vt 0.055850 0.869497
vt 0.053784 0.869564
vt 0.057919 0.869430
vt 0.059991 0.869363
vt 0.062068 0.869296
vt 0.065094 0.850788
vt 0.062976 0.850718
vt 0.067207 0.850857
vt 0.069318 0.850927
vt 0.071427 0.850996
vt 0.074353 0.851091
vt 0.076907 0.851173
vt 0.048672 0.880284
vt 0.051175 0.880243
vt 0.056108 0.880162
vt 0.054042 0.880196
vt 0.058177 0.880129
vt 0.060248 0.880095
vt 0.062325 0.880062
vt 0.064819 0.861736
vt 0.062701 0.861698
vt 0.066933 0.861775
vt 0.069045 0.861813
vt 0.071155 0.861851
vt 0.074084 0.861903
vt 0.076641 0.861948
vt 0.048777 0.891694
vt 0.051275 0.891682
vt 0.056202 0.891661
vt 0.054137 0.891669
vt 0.058270 0.891653
vt 0.060341 0.891646
vt 0.062416 0.891639
vt 0.064691 0.873525
vt 0.062574 0.873509
vt 0.066806 0.873542
vt 0.068919 0.873558
vt 0.071029 0.873575
vt 0.073957 0.873599
vt 0.076514 0.873621
vt 0.048791 0.905213
vt 0.051277 0.905219
vt 0.056189 0.905240
vt 0.054130 0.905230
vt 0.058253 0.905252
vt 0.060321 0.905264
vt 0.062393 0.905278
vt 0.064629 0.887431
vt 0.062515 0.887426
vt 0.066741 0.887436
vt 0.068851 0.887443
vt 0.070959 0.887451
vt 0.073880 0.887463
vt 0.076430 0.887477
vt 0.048721 0.918394
vt 0.051186 0.918431
vt 0.056062 0.918518
vt 0.054016 0.918479
vt 0.058113 0.918559
vt 0.060172 0.918603
vt 0.062237 0.918648
vt 0.064623 0.901053
vt 0.062515 0.901066
vt 0.066726 0.901041
vt 0.068825 0.901031
vt 0.070921 0.901024
vt 0.073825 0.901018
vt 0.076358 0.901017
vt 0.048439 0.930979
vt 0.050865 0.931076
vt 0.055682 0.931295
vt 0.053659 0.931200
vt 0.057716 0.931394
vt 0.059761 0.931496
vt 0.061817 0.931601
vt 0.064785 0.914223
vt 0.062688 0.914277
vt 0.066875 0.914171
vt 0.068957 0.914122
vt 0.071032 0.914078
vt 0.073906 0.914023
vt 0.076406 0.913984
vt 0.047775 0.942696
vt 0.050143 0.942903
vt 0.054875 0.943349
vt 0.052884 0.943157
vt 0.056882 0.943546
vt 0.058907 0.943748
vt 0.060950 0.943954
vt 0.065270 0.926733
vt 0.063188 0.926862
vt 0.067338 0.926609
vt 0.069394 0.926489
vt 0.071439 0.926375
vt 0.074264 0.926227
vt 0.076715 0.926112
vt 0.046552 0.953306
vt 0.048835 0.953689
vt 0.053451 0.954480
vt 0.051506 0.954143
vt 0.055419 0.954824
vt 0.057412 0.955173
vt 0.059433 0.955529
vt 0.066243 0.938387
vt 0.064186 0.938630
vt 0.068279 0.938150
vt 0.070296 0.937919
vt 0.072298 0.937696
vt 0.075057 0.937400
vt 0.077436 0.937154
vt 0.044654 0.962652
vt 0.046784 0.963285
vt 0.051264 0.964526
vt 0.049369 0.964002
vt 0.053184 0.965049
vt 0.055131 0.965577
vt 0.057109 0.966112
vt 0.067841 0.948996
vt 0.065824 0.949384
vt 0.069835 0.948616
vt 0.071807 0.948243
vt 0.073761 0.947874
vt 0.076424 0.947351
vt 0.078649 0.946911
vt 0.042214 0.970281
vt 0.043995 0.971796
vt 0.048414 0.973494
vt 0.046515 0.972869
vt 0.050302 0.974136
vt 0.052193 0.974797
vt 0.054096 0.975480
vt 0.070025 0.958421
vt 0.068056 0.958956
vt 0.071975 0.957900
vt 0.073915 0.957391
vt 0.075855 0.956894
vt 0.078677 0.955836
vt 0.080464 0.954395
vt 0.029132 0.979769
vt 0.019156 0.979097
vt 0.016227 0.972683
vt 0.029165 0.976665
vt 0.045618 0.981048
vt 0.043884 0.980313
vt 0.047350 0.981818
vt 0.049095 0.982624
vt 0.050870 0.983467
vt 0.072551 0.966603
vt 0.070669 0.967328
vt 0.074396 0.965905
vt 0.076219 0.965237
vt 0.078037 0.964595
vt 0.103443 0.964388
vt 0.100949 0.970144
vt 0.093016 0.969409
vt 0.093163 0.964656
vt 0.041106 0.986013
vt 0.039592 0.985104
vt 0.042162 0.979609
vt 0.042603 0.986954
vt 0.044099 0.987937
vt 0.045617 0.988973
vt 0.047182 0.990070
vt 0.075670 0.973419
vt 0.073963 0.974445
vt 0.077316 0.972450
vt 0.078932 0.971532
vt 0.080541 0.970654
vt 0.079855 0.963990
vt 0.082162 0.969808
vt 0.038022 0.990077
vt 0.036855 0.988890
vt 0.039160 0.991286
vt 0.040289 0.992541
vt 0.041437 0.993866
vt 0.042636 0.995287
vt 0.079696 0.978809
vt 0.078346 0.980220
vt 0.080981 0.977495
vt 0.082237 0.976255
vt 0.083496 0.975062
vt 0.084778 0.973894
vt 0.034480 0.992529
vt 0.033867 0.991054
vt 0.035076 0.994008
vt 0.035670 0.995519
vt 0.036277 0.997099
vt 0.036908 0.998765
vt 0.084915 0.982521
vt 0.084152 0.984240
vt 0.085644 0.980894
vt 0.086351 0.979340
vt 0.087057 0.977823
vt 0.087777 0.976313
vt 0.029071 0.991373
vt 0.026885 0.990874
vt 0.029084 0.990886
vt 0.025527 0.993755
vt 0.026199 0.992313
vt 0.029050 0.992946
vt 0.029010 0.994513
vt 0.024856 0.995228
vt 0.028938 0.996112
vt 0.024167 0.996768
vt 0.028938 0.996112
vt 0.028822 0.997791
vt 0.023448 0.998392
vt 0.028822 0.997791
vt 0.028649 0.999604
vt 0.097716 0.982776
vt 0.098411 0.984529
vt 0.092839 0.985572
vt 0.092744 0.983644
vt 0.097050 0.981118
vt 0.092744 0.983644
vt 0.092702 0.981865
vt 0.096403 0.979536
vt 0.092702 0.981865
vt 0.092701 0.980177
vt 0.095755 0.977990
vt 0.092701 0.980177
vt 0.092730 0.978528
vt 0.095092 0.976452
vt 0.092730 0.978528
vt 0.092779 0.976877
vt 0.015139 0.000112
vt 0.015253 0.014022
vt 0.014900 0.000113
vt 0.014848 0.014022
vt 0.014660 0.000110
vt 0.014444 0.014018
vt 0.014421 0.000105
vt 0.014040 0.014008
vt 0.014182 0.000097
vt 0.013636 0.013994
vt 0.098991 0.000078
vt 0.099224 0.000067
vt 0.099925 0.013636
vt 0.099530 0.013655
vt 0.098757 0.000086
vt 0.099136 0.013669
vt 0.098523 0.000091
vt 0.098741 0.013678
vt 0.098289 0.000093
vt 0.098346 0.013682
vt 0.015346 0.026925
vt 0.014777 0.026925
vt 0.014208 0.026917
vt 0.013639 0.026903
vt 0.013070 0.026880
vt 0.100633 0.026218
vt 0.100077 0.026247
vt 0.099522 0.026268
vt 0.098966 0.026282
vt 0.098409 0.026289
vt 0.015424 0.039056
vt 0.014690 0.039056
vt 0.013956 0.039045
vt 0.013223 0.039024
vt 0.012490 0.038993
vt 0.101346 0.038046
vt 0.100630 0.038085
vt 0.099913 0.038115
vt 0.099196 0.038134
vt 0.098479 0.038144
vt 0.015492 0.050656
vt 0.014593 0.050654
vt 0.013695 0.050640
vt 0.012797 0.050613
vt 0.011899 0.050573
vt 0.102063 0.049355
vt 0.101186 0.049405
vt 0.100309 0.049442
vt 0.099431 0.049467
vt 0.098553 0.049479
vt 0.015553 0.061961
vt 0.014490 0.061959
vt 0.013428 0.061942
vt 0.012365 0.061909
vt 0.011303 0.061860
vt 0.102781 0.060379
vt 0.101744 0.060439
vt 0.100706 0.060484
vt 0.099667 0.060514
vt 0.098628 0.060528
vt 0.015614 0.073212
vt 0.014387 0.073210
vt 0.013160 0.073190
vt 0.011933 0.073152
vt 0.010706 0.073097
vt 0.103499 0.071353
vt 0.102301 0.071422
vt 0.101103 0.071473
vt 0.099903 0.071508
vt 0.098704 0.071524
vt 0.015679 0.084647
vt 0.014287 0.084645
vt 0.012896 0.084624
vt 0.011504 0.084583
vt 0.010113 0.084523
vt 0.104215 0.082512
vt 0.102857 0.082588
vt 0.101498 0.082644
vt 0.100138 0.082682
vt 0.098778 0.082700
vt 0.015752 0.096506
vt 0.014196 0.096506
vt 0.012640 0.096485
vt 0.011084 0.096442
vt 0.009528 0.096379
vt 0.104928 0.094090
vt 0.103409 0.094171
vt 0.101889 0.094231
vt 0.100369 0.094270
vt 0.098849 0.094289
vt 0.015838 0.109031
vt 0.014118 0.109032
vt 0.012398 0.109012
vt 0.010677 0.108970
vt 0.008956 0.108906
vt 0.105636 0.106322
vt 0.103956 0.106405
vt 0.102275 0.106466
vt 0.100595 0.106506
vt 0.098915 0.106525
vt 0.015943 0.122459
vt 0.014058 0.122464
vt 0.012173 0.122446
vt 0.010288 0.122407
vt 0.008402 0.122345
vt 0.106336 0.119441
vt 0.104495 0.119523
vt 0.102654 0.119584
vt 0.100814 0.119624
vt 0.098973 0.119642
vt 0.016072 0.137025
vt 0.014025 0.137035
vt 0.011976 0.137023
vt 0.009926 0.136991
vt 0.007876 0.136937
vt 0.107021 0.133682
vt 0.105019 0.133759
vt 0.103018 0.133814
vt 0.101019 0.133850
vt 0.099021 0.133864
vt 0.016245 0.152886
vt 0.014052 0.152911
vt 0.011856 0.152925
vt 0.009651 0.152926
vt 0.007437 0.152915
vt 0.107627 0.149270
vt 0.105469 0.149304
vt 0.103322 0.149328
vt 0.101180 0.149339
vt 0.099041 0.149339
vt 0.016490 0.166492
vt 0.014272 0.166532
vt 0.012053 0.166571
vt 0.009832 0.166608
vt 0.007609 0.166643
vt 0.107611 0.162637
vt 0.105448 0.162628
vt 0.103286 0.162618
vt 0.101124 0.162607
vt 0.098964 0.162594
vt 0.016893 0.186842
vt 0.014671 0.186886
vt 0.012449 0.186930
vt 0.010226 0.186974
vt 0.008004 0.187018
vt 0.107469 0.182472
vt 0.105305 0.182455
vt 0.103142 0.182439
vt 0.100978 0.182423
vt 0.098815 0.182407
vt 0.017406 0.212526
vt 0.015184 0.212570
vt 0.012962 0.212614
vt 0.010739 0.212659
vt 0.008517 0.212703
vt 0.107276 0.207477
vt 0.105113 0.207460
vt 0.102949 0.207444
vt 0.100786 0.207427
vt 0.098622 0.207410
vt 0.018000 0.242196
vt 0.015778 0.242240
vt 0.013555 0.242285
vt 0.011333 0.242329
vt 0.009111 0.242374
vt 0.107053 0.236363
vt 0.104889 0.236346
vt 0.102726 0.236329
vt 0.100562 0.236312
vt 0.098399 0.236296
vt 0.018647 0.274523
vt 0.016425 0.274568
vt 0.014202 0.274612
vt 0.011980 0.274657
vt 0.009758 0.274701
vt 0.106810 0.267835
vt 0.104646 0.267818
vt 0.102483 0.267801
vt 0.100319 0.267785
vt 0.098155 0.267768
vt 0.019320 0.308179
vt 0.017098 0.308223
vt 0.014876 0.308268
vt 0.012654 0.308312
vt 0.010431 0.308357
vt 0.106556 0.300600
vt 0.104393 0.300583
vt 0.102229 0.300567
vt 0.100066 0.300550
vt 0.097902 0.300533
vt 0.019994 0.341834
vt 0.017772 0.341879
vt 0.015549 0.341923
vt 0.013327 0.341968
vt 0.011105 0.342012
vt 0.106303 0.333365
vt 0.104140 0.333349
vt 0.101976 0.333332
vt 0.099812 0.333315
vt 0.097649 0.333299
vt 0.020641 0.374161
vt 0.018419 0.374205
vt 0.016196 0.374250
vt 0.013974 0.374294
vt 0.011752 0.374339
vt 0.106060 0.364838
vt 0.103896 0.364821
vt 0.101733 0.364804
vt 0.099569 0.364787
vt 0.097406 0.364771
vt 0.021235 0.403831
vt 0.019012 0.403875
vt 0.016790 0.403919
vt 0.014568 0.403964
vt 0.012345 0.404008
vt 0.105836 0.393723
vt 0.103673 0.393706
vt 0.101509 0.393689
vt 0.099346 0.393673
vt 0.097182 0.393656
vt 0.021748 0.429515
vt 0.019526 0.429559
vt 0.017304 0.429603
vt 0.015082 0.429648
vt 0.012859 0.429692
vt 0.105643 0.418728
vt 0.103480 0.418711
vt 0.101316 0.418695
vt 0.099153 0.418678
vt 0.096989 0.418661
vt 0.027864 0.735206
vt 0.025641 0.735247
vt 0.023418 0.735288
vt 0.021197 0.735328
vt 0.018975 0.735367
vt 0.103343 0.716327
vt 0.101181 0.716315
vt 0.099018 0.716303
vt 0.096854 0.716290
vt 0.094690 0.716276
vt 0.028118 0.748984
vt 0.025875 0.748999
vt 0.023637 0.749007
vt 0.021409 0.749010
vt 0.019192 0.749014
vt 0.103293 0.729615
vt 0.101135 0.729636
vt 0.098966 0.729658
vt 0.096789 0.729675
vt 0.094606 0.729687
vt 0.028110 0.753825
vt 0.025849 0.753778
vt 0.023596 0.753724
vt 0.021360 0.753665
vt 0.019156 0.753604
vt 0.103379 0.734084
vt 0.101235 0.734166
vt 0.099058 0.734247
vt 0.096867 0.734324
vt 0.094669 0.734395
vt 0.027939 0.758406
vt 0.025663 0.758273
vt 0.023402 0.758133
vt 0.021166 0.757989
vt 0.018961 0.757842
vt 0.103612 0.738211
vt 0.101466 0.738374
vt 0.099292 0.738534
vt 0.097095 0.738691
vt 0.094886 0.738844
vt 0.027609 0.762803
vt 0.025321 0.762579
vt 0.023052 0.762346
vt 0.020812 0.762107
vt 0.018610 0.761867
vt 0.103986 0.742132
vt 0.101843 0.742378
vt 0.099666 0.742625
vt 0.097465 0.742868
vt 0.095249 0.743105
vt 0.027116 0.767082
vt 0.024813 0.766759
vt 0.022537 0.766424
vt 0.020298 0.766085
vt 0.018102 0.765747
vt 0.104499 0.745912
vt 0.102362 0.746246
vt 0.100186 0.746582
vt 0.097982 0.746914
vt 0.095758 0.747239
vt 0.026446 0.771319
vt 0.024125 0.770878
vt 0.021846 0.770429
vt 0.019612 0.769981
vt 0.017428 0.769540
vt 0.105158 0.749613
vt 0.103028 0.750036
vt 0.100859 0.750463
vt 0.098654 0.750891
vt 0.096420 0.751314
vt 0.025539 0.775562
vt 0.023218 0.774979
vt 0.020952 0.774406
vt 0.018737 0.773847
vt 0.016573 0.773301
vt 0.105971 0.753292
vt 0.103853 0.753802
vt 0.101696 0.754320
vt 0.099502 0.754846
vt 0.097271 0.755381
vt 0.027462 0.787363
vt 0.025637 0.785511
vt 0.024331 0.779796
vt 0.022060 0.779068
vt 0.019839 0.778378
vt 0.017662 0.777718
vt 0.015526 0.777080
vt 0.106944 0.757006
vt 0.104841 0.757589
vt 0.102707 0.758185
vt 0.100543 0.758799
vt 0.098346 0.759438
vt 0.022814 0.783953
vt 0.020656 0.783112
vt 0.018521 0.782344
vt 0.016403 0.781620
vt 0.014302 0.780923
vt 0.108063 0.760811
vt 0.105975 0.761440
vt 0.103875 0.762082
vt 0.101765 0.762748
vt 0.099640 0.763458
vt 0.025809 0.790130
vt 0.023722 0.789045
vt 0.021091 0.787851
vt 0.019102 0.787057
vt 0.017074 0.786304
vt 0.015023 0.785581
vt 0.012958 0.784877
vt 0.109281 0.764766
vt 0.107206 0.765398
vt 0.105145 0.766038
vt 0.103103 0.766694
vt 0.101092 0.767373
vt 0.098400 0.768370
vt 0.096199 0.769245
vt 0.024358 0.793508
vt 0.022181 0.792682
vt 0.019569 0.791706
vt 0.017627 0.791011
vt 0.015645 0.790327
vt 0.013630 0.789654
vt 0.011587 0.788990
vt 0.110519 0.768916
vt 0.108450 0.769514
vt 0.106404 0.770114
vt 0.104382 0.770717
vt 0.102390 0.771323
vt 0.099680 0.772163
vt 0.097374 0.772869
vt 0.023110 0.797257
vt 0.020853 0.796564
vt 0.018208 0.795734
vt 0.016263 0.795129
vt 0.014288 0.794523
vt 0.012283 0.793918
vt 0.010249 0.793315
vt 0.111733 0.773305
vt 0.109663 0.773853
vt 0.107615 0.774399
vt 0.105589 0.774944
vt 0.103584 0.775485
vt 0.100837 0.776224
vt 0.098464 0.776847
vt 0.021969 0.801372
vt 0.019649 0.800765
vt 0.016959 0.800043
vt 0.014996 0.799514
vt 0.013011 0.798980
vt 0.011003 0.798444
vt 0.008970 0.797906
vt 0.112904 0.777981
vt 0.110829 0.778474
vt 0.108774 0.778966
vt 0.106737 0.779455
vt 0.104714 0.779939
vt 0.101928 0.780601
vt 0.099510 0.781163
vt 0.020891 0.805869
vt 0.018523 0.805330
vt 0.015793 0.804695
vt 0.013809 0.804231
vt 0.011810 0.803761
vt 0.009794 0.803289
vt 0.007756 0.802815
vt 0.114026 0.782987
vt 0.111946 0.783428
vt 0.109883 0.783867
vt 0.107832 0.784304
vt 0.105792 0.784737
vt 0.102975 0.785330
vt 0.100525 0.785838
vt 0.019861 0.810772
vt 0.017459 0.810295
vt 0.014695 0.809737
vt 0.012693 0.809330
vt 0.010681 0.808919
vt 0.008654 0.808506
vt 0.006611 0.808091
vt 0.115098 0.788370
vt 0.113012 0.788761
vt 0.110940 0.789150
vt 0.108879 0.789537
vt 0.106824 0.789922
vt 0.103982 0.790452
vt 0.101507 0.790909
vt 0.018879 0.816120
vt 0.016452 0.815700
vt 0.013662 0.815213
vt 0.011645 0.814858
vt 0.009620 0.814501
vt 0.007585 0.814141
vt 0.005536 0.813780
vt 0.116115 0.794174
vt 0.114024 0.794517
vt 0.111945 0.794859
vt 0.109875 0.795200
vt 0.107809 0.795539
vt 0.104948 0.796007
vt 0.102455 0.796413
vt 0.017950 0.821950
vt 0.015504 0.821587
vt 0.012694 0.821165
vt 0.010664 0.820858
vt 0.008630 0.820550
vt 0.006588 0.820240
vt 0.004533 0.819929
vt 0.117072 0.800442
vt 0.114979 0.800741
vt 0.112895 0.801039
vt 0.110816 0.801336
vt 0.108741 0.801632
vt 0.105865 0.802040
vt 0.103359 0.802394
vt 0.017086 0.828310
vt 0.014623 0.828000
vt 0.011796 0.827641
vt 0.009756 0.827380
vt 0.007712 0.827117
vt 0.005661 0.826852
vt 0.003604 0.826587
vt 0.117972 0.807228
vt 0.115872 0.807486
vt 0.113780 0.807742
vt 0.111693 0.807997
vt 0.109610 0.808251
vt 0.106721 0.808600
vt 0.104204 0.808903
vt 0.016290 0.835247
vt 0.013814 0.834987
vt 0.010975 0.834687
vt 0.008927 0.834469
vt 0.006875 0.834249
vt 0.004817 0.834028
vt 0.002751 0.833806
vt 0.118799 0.814588
vt 0.116693 0.814804
vt 0.114594 0.815019
vt 0.112500 0.815233
vt 0.110410 0.815446
vt 0.107510 0.815740
vt 0.104982 0.815993
vt 0.015575 0.842808
vt 0.013090 0.842596
vt 0.010241 0.842353
vt 0.008186 0.842175
vt 0.006128 0.841997
vt 0.004064 0.841818
vt 0.001994 0.841639
vt 0.119538 0.822570
vt 0.117428 0.822746
vt 0.115324 0.822922
vt 0.113225 0.823096
vt 0.111128 0.823270
vt 0.108220 0.823510
vt 0.105683 0.823717
vt 0.014956 0.851042
vt 0.012464 0.850877
vt 0.009607 0.850687
vt 0.007547 0.850549
vt 0.005484 0.850410
vt 0.003417 0.850271
vt 0.001344 0.850131
vt 0.120179 0.831224
vt 0.118066 0.831362
vt 0.115958 0.831500
vt 0.113854 0.831637
vt 0.111753 0.831774
vt 0.108837 0.831962
vt 0.106294 0.832125
vt 0.014445 0.859999
vt 0.011948 0.859878
vt 0.009085 0.859738
vt 0.007022 0.859636
vt 0.004956 0.859535
vt 0.002886 0.859432
vt 0.000812 0.859330
vt 0.120709 0.840601
vt 0.118594 0.840703
vt 0.116483 0.840805
vt 0.114375 0.840907
vt 0.112270 0.841008
vt 0.109349 0.841147
vt 0.106800 0.841268
vt 0.014053 0.869728
vt 0.011553 0.869647
vt 0.008687 0.869553
vt 0.006622 0.869486
vt 0.004555 0.869419
vt 0.002485 0.869351
vt 0.000410 0.869284
vt 0.121115 0.850752
vt 0.118998 0.850821
vt 0.116885 0.850889
vt 0.114775 0.850957
vt 0.112667 0.851025
vt 0.109742 0.851118
vt 0.107189 0.851199
vt 0.013791 0.880272
vt 0.011290 0.880228
vt 0.008425 0.880178
vt 0.006360 0.880143
vt 0.004294 0.880108
vt 0.002225 0.880073
vt 0.000151 0.880038
vt 0.121384 0.861728
vt 0.119266 0.861765
vt 0.117153 0.861802
vt 0.115042 0.861839
vt 0.112933 0.861876
vt 0.110004 0.861926
vt 0.107448 0.861970
vt 0.013669 0.891673
vt 0.011174 0.891657
vt 0.008315 0.891639
vt 0.006253 0.891628
vt 0.004188 0.891617
vt 0.002120 0.891607
vt 0.000049 0.891597
vt 0.121506 0.873536
vt 0.119389 0.873551
vt 0.117274 0.873566
vt 0.115161 0.873581
vt 0.113051 0.873597
vt 0.110123 0.873618
vt 0.107568 0.873637
vt 0.013622 0.905176
vt 0.011140 0.905176
vt 0.008293 0.905179
vt 0.006238 0.905184
vt 0.004179 0.905190
vt 0.002116 0.905197
vt 0.000049 0.905206
vt 0.121557 0.887456
vt 0.119441 0.887459
vt 0.117328 0.887463
vt 0.115217 0.887467
vt 0.113108 0.887473
vt 0.110186 0.887481
vt 0.107636 0.887491
vt 0.013646 0.918332
vt 0.011188 0.918359
vt 0.008365 0.918397
vt 0.006325 0.918428
vt 0.004280 0.918462
vt 0.002228 0.918498
vt 0.000170 0.918536
vt 0.121545 0.901111
vt 0.119433 0.901095
vt 0.117325 0.901080
vt 0.115222 0.901067
vt 0.113124 0.901055
vt 0.110215 0.901042
vt 0.107680 0.901035
vt 0.013867 0.930885
vt 0.011448 0.930970
vt 0.008663 0.931077
vt 0.006648 0.931161
vt 0.004624 0.931249
vt 0.002589 0.931341
vt 0.000543 0.931437
vt 0.121353 0.914363
vt 0.119245 0.914304
vt 0.117146 0.914246
vt 0.115055 0.914190
vt 0.112971 0.914137
vt 0.110087 0.914069
vt 0.107579 0.914016
vt 0.014424 0.942585
vt 0.012067 0.942763
vt 0.009343 0.942986
vt 0.007366 0.943158
vt 0.005375 0.943336
vt 0.003368 0.943521
vt 0.001344 0.943711
vt 0.120819 0.927031
vt 0.118719 0.926893
vt 0.116635 0.926758
vt 0.114563 0.926626
vt 0.112504 0.926499
vt 0.109660 0.926333
vt 0.107195 0.926199
vt 0.015471 0.953151
vt 0.013211 0.953480
vt 0.010572 0.953882
vt 0.008652 0.954184
vt 0.006711 0.954495
vt 0.004749 0.954814
vt 0.002761 0.955141
vt 0.119753 0.938924
vt 0.117671 0.938662
vt 0.115612 0.938405
vt 0.113574 0.938154
vt 0.111553 0.937909
vt 0.108771 0.937584
vt 0.106376 0.937315
vt 0.017150 0.962350
vt 0.015056 0.962938
vt 0.012508 0.963603
vt 0.010639 0.964070
vt 0.008750 0.964539
vt 0.006839 0.965013
vt 0.004904 0.965496
vt 0.117986 0.949836
vt 0.115938 0.949409
vt 0.113918 0.948990
vt 0.111924 0.948574
vt 0.109951 0.948161
vt 0.107263 0.947601
vt 0.105011 0.947119
vt 0.019550 0.969720
vt 0.017799 0.971183
vt 0.015065 0.972316
vt 0.013189 0.972877
vt 0.011325 0.973451
vt 0.009461 0.974040
vt 0.007587 0.974645
vt 0.115514 0.959579
vt 0.113521 0.958987
vt 0.111548 0.958412
vt 0.109588 0.957853
vt 0.107626 0.957308
vt 0.105026 0.956324
vt 0.103203 0.954842
vt 0.106619 0.957762
vt 0.105246 0.965050
vt 0.017416 0.979724
vt 0.015678 0.980388
vt 0.013943 0.981080
vt 0.012197 0.981802
vt 0.010422 0.982552
vt 0.112614 0.968024
vt 0.110729 0.967230
vt 0.108884 0.966470
vt 0.107061 0.965744
vt 0.021477 0.984670
vt 0.019932 0.985503
vt 0.018405 0.986366
vt 0.016878 0.987268
vt 0.015328 0.988219
vt 0.013730 0.989223
vt 0.109030 0.975095
vt 0.107348 0.973998
vt 0.105725 0.972964
vt 0.104132 0.971984
vt 0.102546 0.971048
vt 0.024018 0.988568
vt 0.022799 0.989690
vt 0.021607 0.990835
vt 0.020421 0.992023
vt 0.019214 0.993278
vt 0.017950 0.994622
vt 0.104396 0.980732
vt 0.103096 0.979263
vt 0.101856 0.977895
vt 0.100643 0.976603
vt 0.099425 0.975360
vt 0.098183 0.974143
vt 0.031596 0.993012
vt 0.031656 0.991439
vt 0.031541 0.996182
vt 0.031554 0.994580
vt 0.031566 0.997866
vt 0.031541 0.996182
vt 0.031639 0.999687
vt 0.031566 0.997866
vt 0.089843 0.983586
vt 0.089672 0.985508
vt 0.089956 0.981811
vt 0.090023 0.980125
vt 0.090056 0.978476
vt 0.090023 0.980125
vt 0.090071 0.976826
vt 0.090057 0.978476
vt 0.090081 0.976316
vt 0.031668 0.990952
vt 0.031656 0.991439
vt 0.031770 0.988558
vt 0.031941 0.984362
vt 0.031941 0.984362
vt 0.032104 0.979835
vt 0.032104 0.979835
vt 0.032271 0.976726
vt 0.045500 0.973269
vt 0.032182 0.974176
vt 0.032285 0.974726
vt 0.090123 0.964605
vt 0.090108 0.969357
vt 0.040632 0.968953
vt 0.032080 0.972401
vt 0.031906 0.970767
vt 0.039024 0.967476
vt 0.093163 0.964656
vt 0.093270 0.961748
vt 0.092873 0.973866
vt 0.093016 0.969409
vt 0.092788 0.976367
vt 0.092873 0.973866
vt 0.093051 0.957090
vt 0.101601 0.953544
vt 0.093158 0.959148
vt 0.029137 0.984295
vt 0.029132 0.979769
vt 0.029104 0.988491
vt 0.029084 0.990886
vt 0.029104 0.988491
vt 0.090090 0.973815
vt 0.090108 0.969357
vt 0.090090 0.973815
vt 0.032182 0.974176
vt 0.032080 0.972401
vt 0.098762 0.763766
vt 0.100260 0.767668
vt 0.021909 0.788201
vt 0.020374 0.792003
vt 0.019023 0.795990
vt 0.017789 0.800267
vt 0.016636 0.804892
vt 0.015550 0.809911
vt 0.014526 0.815364
vt 0.013565 0.821296
vt 0.012673 0.827753
vt 0.011856 0.834780
vt 0.011126 0.842429
vt 0.010495 0.850746
vt 0.009975 0.859782
vt 0.009578 0.869582
vt 0.009315 0.880194
vt 0.009203 0.891644
vt 0.009178 0.905177
vt 0.009243 0.918384
vt 0.009530 0.931042
vt 0.010191 0.942915
vt 0.011394 0.953755
vt 0.013314 0.963402
vt 0.090127 0.961701
vt 0.090123 0.964605
vt 0.077020 0.957314
vt 0.090208 0.959651
vt 0.090329 0.959092
vt 0.048551 0.963778
vt 0.050672 0.954000
vt 0.052030 0.943076
vt 0.052789 0.931160
vt 0.053136 0.918464
vt 0.053243 0.905227
vt 0.053248 0.891673
vt 0.053151 0.880211
vt 0.052893 0.869593
vt 0.052495 0.859787
vt 0.051971 0.850746
vt 0.051335 0.842420
vt 0.050597 0.834761
vt 0.049769 0.827719
vt 0.048862 0.821245
vt 0.047880 0.815292
vt 0.046826 0.809814
vt 0.045702 0.804769
vt 0.044500 0.800116
vt 0.043206 0.795811
vt 0.041788 0.791802
vt 0.040176 0.787988
vt 0.038282 0.784116
vt 0.084068 0.767573
vt 0.082740 0.771488
vt 0.081530 0.775629
vt 0.080389 0.780070
vt 0.079298 0.784857
vt 0.078253 0.790031
vt 0.077257 0.795635
vt 0.076315 0.801716
vt 0.075434 0.808321
vt 0.074622 0.815500
vt 0.073895 0.823308
vt 0.073263 0.831798
vt 0.072739 0.841020
vt 0.072336 0.851026
vt 0.072065 0.861867
vt 0.071939 0.873583
vt 0.071867 0.887454
vt 0.071823 0.901022
vt 0.071926 0.914060
vt 0.072318 0.926328
vt 0.073157 0.937602
vt 0.074601 0.947717
vt 0.023707 0.784324
vt 0.109102 0.947985
vt 0.110686 0.937806
vt 0.111619 0.926446
vt 0.112074 0.914115
vt 0.112220 0.901050
vt 0.112200 0.887475
vt 0.112141 0.873603
vt 0.112023 0.861892
vt 0.111758 0.851054
vt 0.111363 0.841051
vt 0.110847 0.831832
vt 0.110225 0.823345
vt 0.109510 0.815537
vt 0.108714 0.808359
vt 0.107850 0.801758
vt 0.106924 0.795684
vt 0.105946 0.790086
vt 0.104923 0.784921
vt 0.103856 0.780144
vt 0.102741 0.775713
vt 0.101558 0.771580
vt 0.033390 0.788620
vt 0.030979 0.787285
vt 0.032194 0.789784
vt 0.031192 0.788957
vt 0.092156 0.765872
vt 0.090787 0.767390
vt 0.034629 0.790882
vt 0.032930 0.791706
vt 0.089970 0.769858
vt 0.035979 0.794079
vt 0.033998 0.794738
vt 0.088892 0.773387
vt 0.037168 0.797745
vt 0.035066 0.798363
vt 0.087851 0.777316
vt 0.038309 0.801808
vt 0.036117 0.802363
vt 0.086827 0.781596
vt 0.039388 0.806256
vt 0.037154 0.806757
vt 0.085819 0.786239
vt 0.040425 0.811123
vt 0.038141 0.811573
vt 0.084832 0.791266
vt 0.041416 0.816435
vt 0.039097 0.816832
vt 0.083883 0.796730
vt 0.042345 0.822233
vt 0.040014 0.822581
vt 0.082977 0.802674
vt 0.043222 0.828559
vt 0.040863 0.828856
vt 0.082118 0.809141
vt 0.044016 0.835458
vt 0.041655 0.835706
vt 0.081337 0.816187
vt 0.044731 0.842987
vt 0.042346 0.843189
vt 0.080633 0.823869
vt 0.045349 0.851189
vt 0.042966 0.851347
vt 0.080020 0.832238
vt 0.045861 0.860111
vt 0.043466 0.860228
vt 0.079511 0.841346
vt 0.046250 0.869807
vt 0.043850 0.869884
vt 0.079120 0.851245
vt 0.046505 0.880320
vt 0.044102 0.880360
vt 0.078858 0.861987
vt 0.046613 0.891706
vt 0.044211 0.891721
vt 0.078732 0.873640
vt 0.046637 0.905210
vt 0.044248 0.905208
vt 0.078641 0.887490
vt 0.046589 0.918368
vt 0.044228 0.918343
vt 0.078553 0.901020
vt 0.046345 0.930903
vt 0.044033 0.930830
vt 0.078571 0.913957
vt 0.045740 0.942529
vt 0.043500 0.942359
vt 0.078833 0.926022
vt 0.044599 0.952991
vt 0.042446 0.952666
vt 0.079485 0.936958
vt 0.042853 0.962128
vt 0.040727 0.961519
vt 0.080663 0.946531
vt 0.082041 0.953119
vt 0.029363 0.974106
vt 0.021115 0.968421
vt 0.029539 0.972332
vt 0.029539 0.972332
vt 0.022690 0.966976
vt 0.029779 0.970702
vt 0.093267 0.959708
vt 0.093158 0.959148
vt 0.029363 0.974106
vt 0.029245 0.974655
vt 0.077825 0.956591
vt 0.090155 0.960667
vt 0.090127 0.961701
vt 0.090504 0.957034
vt 0.090329 0.959092
vt 0.018910 0.961871
vt 0.020992 0.961328
vt 0.102961 0.946691
vt 0.017408 0.952886
vt 0.019523 0.952613
vt 0.104315 0.937100
vt 0.016452 0.942444
vt 0.018692 0.942303
vt 0.105065 0.926093
vt 0.015957 0.930820
vt 0.018270 0.930758
vt 0.105407 0.913975
vt 0.015774 0.918314
vt 0.018133 0.918301
vt 0.105483 0.901032
vt 0.015773 0.905180
vt 0.018159 0.905187
vt 0.105425 0.887502
vt 0.015831 0.891689
vt 0.018227 0.891708
vt 0.105350 0.873654
vt 0.015957 0.880310
vt 0.018358 0.880353
vt 0.105232 0.862008
vt 0.016218 0.869798
vt 0.018617 0.869874
vt 0.104976 0.851269
vt 0.016606 0.860104
vt 0.019000 0.860219
vt 0.104592 0.841372
vt 0.017111 0.851184
vt 0.019498 0.851339
vt 0.104091 0.832265
vt 0.017722 0.842989
vt 0.020099 0.843187
vt 0.103487 0.823897
vt 0.018428 0.835470
vt 0.020794 0.835714
vt 0.102794 0.816213
vt 0.019210 0.828576
vt 0.021560 0.828865
vt 0.102030 0.809163
vt 0.020060 0.822261
vt 0.022391 0.822598
vt 0.101194 0.802696
vt 0.020971 0.816477
vt 0.023280 0.816863
vt 0.100304 0.796759
vt 0.021926 0.811175
vt 0.024204 0.811607
vt 0.099371 0.791297
vt 0.022923 0.806321
vt 0.025164 0.806802
vt 0.098414 0.786266
vt 0.023953 0.801873
vt 0.026134 0.802397
vt 0.097431 0.781633
vt 0.025021 0.797820
vt 0.027108 0.798392
vt 0.096432 0.777359
vt 0.026166 0.794172
vt 0.028106 0.794819
vt 0.095417 0.773435
vt 0.027464 0.790987
vt 0.029124 0.791747
vt 0.094356 0.769910
vt 0.028760 0.788769
vt 0.029924 0.789836
vt 0.093516 0.767478
vt 0.037331 0.784709
vt 0.030921 0.780490
vt 0.086547 0.764173
vt 0.092200 0.759990
vt 0.039253 0.788428
vt 0.085013 0.767931
vt 0.040870 0.792161
vt 0.083690 0.771789
vt 0.042277 0.796116
vt 0.082491 0.775893
vt 0.043559 0.800379
vt 0.081359 0.780305
vt 0.044749 0.804998
vt 0.080277 0.785067
vt 0.045865 0.810013
vt 0.079239 0.790218
vt 0.046911 0.815465
vt 0.078248 0.795800
vt 0.047887 0.821393
vt 0.077310 0.801860
vt 0.048791 0.827845
vt 0.076432 0.808444
vt 0.049616 0.834866
vt 0.075623 0.815603
vt 0.050351 0.842505
vt 0.074898 0.823393
vt 0.050985 0.850812
vt 0.074269 0.831864
vt 0.051508 0.859836
vt 0.073747 0.841068
vt 0.051905 0.869625
vt 0.073345 0.851058
vt 0.052163 0.880227
vt 0.073075 0.861885
vt 0.052261 0.891677
vt 0.072948 0.873591
vt 0.052260 0.905223
vt 0.072873 0.887459
vt 0.052161 0.918447
vt 0.072824 0.901019
vt 0.051827 0.931117
vt 0.072916 0.914041
vt 0.051086 0.942989
vt 0.073291 0.926277
vt 0.049752 0.953844
vt 0.074107 0.937500
vt 0.047663 0.963531
vt 0.075517 0.947534
vt 0.044756 0.972540
vt 0.029165 0.976665
vt 0.016989 0.971950
vt 0.029193 0.975653
vt 0.032271 0.976726
vt 0.032287 0.975719
vt 0.090208 0.959651
vt 0.090155 0.960667
vt 0.029193 0.975653
vt 0.029245 0.974655
vt 0.032287 0.975719
vt 0.032285 0.974726
vt 0.024666 0.784891
vt 0.097813 0.764255
vt 0.022834 0.788620
vt 0.099315 0.768019
vt 0.021289 0.792345
vt 0.100610 0.771874
vt 0.019946 0.796280
vt 0.101782 0.775971
vt 0.018724 0.800518
vt 0.102888 0.780374
vt 0.017583 0.805112
vt 0.103946 0.785126
vt 0.016507 0.810104
vt 0.104962 0.790270
vt 0.015491 0.815533
vt 0.105934 0.795846
vt 0.014537 0.821442
vt 0.106856 0.801899
vt 0.013649 0.827877
vt 0.107716 0.808480
vt 0.012836 0.834884
vt 0.108509 0.815639
vt 0.012109 0.842513
vt 0.109222 0.823427
vt 0.011480 0.850812
vt 0.109842 0.831897
vt 0.010962 0.859830
vt 0.110355 0.841099
vt 0.010566 0.869615
vt 0.110750 0.851086
vt 0.010302 0.880211
vt 0.111014 0.861909
vt 0.010189 0.891650
vt 0.111132 0.873611
vt 0.010159 0.905176
vt 0.111193 0.887478
vt 0.010215 0.918371
vt 0.111218 0.901046
vt 0.010489 0.931005
vt 0.111081 0.914091
vt 0.011130 0.942838
vt 0.110639 0.926389
vt 0.012303 0.953616
vt 0.109728 0.937694
vt 0.014189 0.963172
vt 0.108178 0.947792
vt 0.105830 0.957050
vt 0.093267 0.959708
vt 0.093278 0.960718
vt 0.093278 0.960718
vt 0.093270 0.961748
vt 0.122489 0.001488
vt 0.122261 0.001488
vt 0.122375 0.000769
vt 0.122044 0.000120
vt 0.122261 0.000049
vt 0.123024 0.000438
vt 0.123094 0.000655
vt 0.122044 0.001417
vt 0.121860 0.001283
vt 0.123024 0.001099
vt 0.122890 0.001283
vt 0.121726 0.000438
vt 0.121860 0.000254
vt 0.122705 0.000120
vt 0.122890 0.000254
vt 0.121726 0.001099
vt 0.121656 0.000882
vt 0.122705 0.001417
vt 0.121656 0.000655
vt 0.122489 0.000049
vt 0.123094 0.000882
vt 0.092788 0.976367
vt 0.031554 0.994580
vt 0.031596 0.993012
vt 0.029050 0.992946
s 1
usemtl Material.003
f 2/1/1 13/2/2 12/3/3 1/4/4
f 3/5/5 14/6/6 13/2/2 2/1/1
f 4/7/7 15/8/8 14/6/6 3/5/5
f 5/9/9 16/10/10 15/8/8 4/7/7
f 6/11/11 17/12/12 16/10/10 5/9/9
f 7/13/13 18/14/14 17/15/12 6/16/11
f 8/17/15 19/18/16 18/14/14 7/13/13
f 9/19/17 20/20/18 19/18/16 8/17/15
f 10/21/19 21/22/20 20/20/18 9/19/17
f 11/23/21 22/24/22 21/22/20 10/21/19
f 13/2/2 24/25/23 23/26/24 12/3/3
f 14/6/6 25/27/25 24/25/23 13/2/2
f 15/8/8 26/28/26 25/27/25 14/6/6
f 16/10/10 27/29/27 26/28/26 15/8/8
f 17/12/12 28/30/28 27/29/27 16/10/10
f 18/14/14 29/31/29 28/32/28 17/15/12
f 19/18/16 30/33/30 29/31/29 18/14/14
f 20/20/18 31/34/31 30/33/30 19/18/16
f 21/22/20 32/35/32 31/34/31 20/20/18
f 22/24/22 33/36/33 32/35/32 21/22/20
f 24/25/23 35/37/34 34/38/35 23/26/24
f 25/27/25 36/39/36 35/37/34 24/25/23
f 26/28/26 37/40/37 36/39/36 25/27/25
f 27/29/27 38/41/38 37/40/37 26/28/26
f 28/30/28 39/42/39 38/41/38 27/29/27
f 29/31/29 40/43/40 39/44/39 28/32/28
f 30/33/30 41/45/41 40/43/40 29/31/29
f 31/34/31 42/46/42 41/45/41 30/33/30
f 32/35/32 43/47/43 42/46/42 31/34/31
f 33/36/33 44/48/44 43/47/43 32/35/32
f 35/37/34 46/49/45 45/50/46 34/38/35
f 36/39/36 47/51/47 46/49/45 35/37/34
f 37/40/37 48/52/48 47/51/47 36/39/36
f 38/41/38 49/53/49 48/52/48 37/40/37
f 39/42/39 50/54/50 49/53/49 38/41/38
f 40/43/40 51/55/51 50/56/50 39/44/39
f 41/45/41 52/57/52 51/55/51 40/43/40
f 42/46/42 53/58/53 52/57/52 41/45/41
f 43/47/43 54/59/54 53/58/53 42/46/42
f 44/48/44 55/60/55 54/59/54 43/47/43
f 46/49/45 57/61/56 56/62/57 45/50/46
f 47/51/47 58/63/58 57/61/56 46/49/45
f 48/52/48 59/64/59 58/63/58 47/51/47
f 49/53/49 60/65/60 59/64/59 48/52/48
f 50/54/50 61/66/61 60/65/60 49/53/49
f 51/55/51 62/67/62 61/68/61 50/56/50
f 52/57/52 63/69/63 62/67/62 51/55/51
f 53/58/53 64/70/64 63/69/63 52/57/52
f 54/59/54 65/71/65 64/70/64 53/58/53
f 55/60/55 66/72/66 65/71/65 54/59/54
f 57/61/56 68/73/67 67/74/68 56/62/57
f 58/63/58 69/75/69 68/73/67 57/61/56
f 59/64/59 70/76/70 69/75/69 58/63/58
f 60/65/60 71/77/71 70/76/70 59/64/59
f 61/66/61 72/78/72 71/77/71 60/65/60
f 62/67/62 73/79/73 72/80/72 61/68/61
f 63/69/63 74/81/74 73/79/73 62/67/62
f 64/70/64 75/82/75 74/81/74 63/69/63
f 65/71/65 76/83/76 75/82/75 64/70/64
f 66/72/66 77/84/77 76/83/76 65/71/65
f 68/73/67 79/85/78 78/86/79 67/74/68
f 69/75/69 80/87/80 79/85/78 68/73/67
f 70/76/70 81/88/81 80/87/80 69/75/69
f 71/77/71 82/89/82 81/88/81 70/76/70
f 72/78/72 83/90/83 82/89/82 71/77/71
f 73/79/73 84/91/84 83/92/83 72/80/72
f 74/81/74 85/93/85 84/91/84 73/79/73
f 75/82/75 86/94/86 85/93/85 74/81/74
f 76/83/76 87/95/87 86/94/86 75/82/75
f 77/84/77 88/96/88 87/95/87 76/83/76
f 79/85/78 90/97/89 89/98/90 78/86/79
f 80/87/80 91/99/91 90/97/89 79/85/78
f 81/88/81 92/100/92 91/99/91 80/87/80
f 82/89/82 93/101/93 92/100/92 81/88/81
f 83/90/83 94/102/94 93/101/93 82/89/82
f 84/91/84 95/103/95 94/104/94 83/92/83
f 85/93/85 96/105/96 95/103/95 84/91/84
f 86/94/86 97/106/97 96/105/96 85/93/85
f 87/95/87 98/107/98 97/106/97 86/94/86
f 88/96/88 99/108/99 98/107/98 87/95/87
f 90/97/89 101/109/100 100/110/101 89/98/90
f 91/99/91 102/111/102 101/109/100 90/97/89
f 92/100/92 103/112/103 102/111/102 91/99/91
f 93/101/93 104/113/104 103/112/103 92/100/92
f 94/102/94 105/114/105 104/113/104 93/101/93
f 95/103/95 106/115/106 105/116/105 94/104/94
f 96/105/96 107/117/107 106/115/106 95/103/95
f 97/106/97 108/118/108 107/117/107 96/105/96
f 98/107/98 109/119/109 108/118/108 97/106/97
f 99/108/99 110/120/110 109/119/109 98/107/98
f 101/109/100 112/121/111 111/122/112 100/110/101
f 102/111/102 113/123/113 112/121/111 101/109/100
f 103/112/103 114/124/114 113/123/113 102/111/102
f 104/113/104 115/125/115 114/124/114 103/112/103
f 105/114/105 116/126/116 115/125/115 104/113/104
f 106/115/106 117/127/117 116/128/116 105/116/105
f 107/117/107 118/129/118 117/127/117 106/115/106
f 108/118/108 119/130/119 118/129/118 107/117/107
f 109/119/109 120/131/120 119/130/119 108/118/108
f 110/120/110 121/132/121 120/131/120 109/119/109
f 112/121/111 123/133/122 122/134/123 111/122/112
f 113/123/113 124/135/124 123/133/122 112/121/111
f 114/124/114 125/136/125 124/135/124 113/123/113
f 115/125/115 126/137/126 125/136/125 114/124/114
f 116/126/116 127/138/127 126/137/126 115/125/115
f 117/127/117 128/139/128 127/140/127 116/128/116
f 118/129/118 129/141/129 128/139/128 117/127/117
f 119/130/119 130/142/130 129/141/129 118/129/118
f 120/131/120 131/143/131 130/142/130 119/130/119
f 121/132/121 132/144/132 131/143/131 120/131/120
f 123/133/122 134/145/133 133/146/134 122/134/123
f 124/135/124 135/147/135 134/145/133 123/133/122
f 125/136/125 136/148/136 135/147/135 124/135/124
f 126/137/126 137/149/137 136/148/136 125/136/125
f 127/138/127 138/150/138 137/149/137 126/137/126
f 128/139/128 139/151/139 138/152/138 127/140/127
f 129/141/129 140/153/140 139/151/139 128/139/128
f 130/142/130 141/154/141 140/153/140 129/141/129
f 131/143/131 142/155/142 141/154/141 130/142/130
f 132/144/132 143/156/143 142/155/142 131/143/131
f 134/145/133 145/157/144 144/158/145 133/146/134
f 135/147/135 146/159/146 145/157/144 134/145/133
f 136/148/136 147/160/147 146/159/146 135/147/135
f 137/149/137 148/161/148 147/160/147 136/148/136
f 138/150/138 149/162/149 148/161/148 137/149/137
f 139/151/139 150/163/150 149/164/149 138/152/138
f 140/153/140 151/165/151 150/163/150 139/151/139
f 141/154/141 152/166/152 151/165/151 140/153/140
f 142/155/142 153/167/153 152/166/152 141/154/141
f 143/156/143 154/168/154 153/167/153 142/155/142
f 145/157/144 156/169/144 155/170/145 144/158/145
f 146/159/146 157/171/146 156/169/144 145/157/144
f 147/160/147 158/172/147 157/171/146 146/159/146
f 148/161/148 159/173/148 158/172/147 147/160/147
f 149/162/149 160/174/149 159/173/148 148/161/148
f 150/163/150 161/175/150 160/176/149 149/164/149
f 151/165/151 162/177/151 161/175/150 150/163/150
f 152/166/152 163/178/152 162/177/151 151/165/151
f 153/167/153 164/179/153 163/178/152 152/166/152
f 154/168/154 165/180/154 164/179/153 153/167/153
f 156/169/144 167/181/144 166/182/145 155/170/145
f 157/171/146 168/183/146 167/181/144 156/169/144
f 158/172/147 169/184/147 168/183/146 157/171/146
f 159/173/148 170/185/148 169/184/147 158/172/147
f 160/174/149 171/186/149 170/185/148 159/173/148
f 161/175/150 172/187/150 171/188/149 160/176/149
f 162/177/151 173/189/151 172/187/150 161/175/150
f 163/178/152 174/190/152 173/189/151 162/177/151
f 164/179/153 175/191/153 174/190/152 163/178/152
f 165/180/154 176/192/154 175/191/153 164/179/153
f 167/181/144 178/193/144 177/194/145 166/182/145
f 168/183/146 179/195/146 178/193/144 167/181/144
f 169/184/147 180/196/147 179/195/146 168/183/146
f 170/185/148 181/197/148 180/196/147 169/184/147
f 171/186/149 182/198/149 181/197/148 170/185/148
f 172/187/150 183/199/150 182/200/149 171/188/149
f 173/189/151 184/201/151 183/199/150 172/187/150
f 174/190/152 185/202/152 184/201/151 173/189/151
f 175/191/153 186/203/153 185/202/152 174/190/152
f 176/192/154 187/204/154 186/203/153 175/191/153
f 178/193/144 189/205/144 188/206/145 177/194/145
f 179/195/146 190/207/146 189/205/144 178/193/144
f 180/196/147 191/208/147 190/207/146 179/195/146
f 181/197/148 192/209/148 191/208/147 180/196/147
f 182/198/149 193/210/149 192/209/148 181/197/148
f 183/199/150 194/211/150 193/212/149 182/200/149
f 184/201/151 195/213/151 194/211/150 183/199/150
f 185/202/152 196/214/152 195/213/151 184/201/151
f 186/203/153 197/215/153 196/214/152 185/202/152
f 187/204/154 198/216/154 197/215/153 186/203/153
f 189/205/144 200/217/144 199/218/145 188/206/145
f 190/207/146 201/219/146 200/217/144 189/205/144
f 191/208/147 202/220/147 201/219/146 190/207/146
f 192/209/148 203/221/148 202/220/147 191/208/147
f 193/210/149 204/222/149 203/221/148 192/209/148
f 194/211/150 205/223/150 204/224/149 193/212/149
f 195/213/151 206/225/151 205/223/150 194/211/150
f 196/214/152 207/226/152 206/225/151 195/213/151
f 197/215/153 208/227/153 207/226/152 196/214/152
f 198/216/154 209/228/154 208/227/153 197/215/153
f 200/217/144 211/229/144 210/230/145 199/218/145
f 201/219/146 212/231/146 211/229/144 200/217/144
f 202/220/147 213/232/147 212/231/146 201/219/146
f 203/221/148 214/233/148 213/232/147 202/220/147
f 204/222/149 215/234/149 214/233/148 203/221/148
f 205/223/150 216/235/150 215/236/149 204/224/149
f 206/225/151 217/237/151 216/235/150 205/223/150
f 207/226/152 218/238/152 217/237/151 206/225/151
f 208/227/153 219/239/153 218/238/152 207/226/152
f 209/228/154 220/240/154 219/239/153 208/227/153
f 211/229/144 222/241/144 221/242/145 210/230/145
f 212/231/146 223/243/146 222/241/144 211/229/144
f 213/232/147 224/244/147 223/243/146 212/231/146
f 214/233/148 225/245/148 224/244/147 213/232/147
f 215/234/149 226/246/149 225/245/148 214/233/148
f 216/235/150 227/247/150 226/248/149 215/236/149
f 217/237/151 228/249/151 227/247/150 216/235/150
f 218/238/152 229/250/152 228/249/151 217/237/151
f 219/239/153 230/251/153 229/250/152 218/238/152
f 220/240/154 231/252/154 230/251/153 219/239/153
f 222/241/144 233/253/144 232/254/145 221/242/145
f 223/243/146 234/255/146 233/253/144 222/241/144
f 224/244/147 235/256/147 234/255/146 223/243/146
f 225/245/148 236/257/148 235/256/147 224/244/147
f 226/246/149 237/258/149 236/257/148 225/245/148
f 227/247/150 238/259/150 237/260/149 226/248/149
f 228/249/151 239/261/151 238/259/150 227/247/150
f 229/250/152 240/262/152 239/261/151 228/249/151
f 230/251/153 241/263/153 240/262/152 229/250/152
f 231/252/154 242/264/154 241/263/153 230/251/153
f 233/253/144 244/265/144 243/266/145 232/254/145
f 234/255/146 245/267/146 244/265/144 233/253/144
f 235/256/147 246/268/147 245/267/146 234/255/146
f 236/257/148 247/269/148 246/268/147 235/256/147
f 237/258/149 248/270/149 247/269/148 236/257/148
f 238/259/150 249/271/150 248/272/149 237/260/149
f 239/261/151 250/273/151 249/271/150 238/259/150
f 240/262/152 251/274/152 250/273/151 239/261/151
f 241/263/153 252/275/153 251/274/152 240/262/152
f 242/264/154 253/276/154 252/275/153 241/263/153
f 244/265/144 255/277/144 254/278/145 243/266/145
f 245/267/146 256/279/146 255/277/144 244/265/144
f 246/268/147 257/280/147 256/279/146 245/267/146
f 247/269/148 258/281/148 257/280/147 246/268/147
f 248/270/149 259/282/149 258/281/148 247/269/148
f 249/271/150 260/283/155 259/284/149 248/272/149
f 250/273/151 261/285/151 260/283/155 249/271/150
f 251/274/152 262/286/152 261/285/151 250/273/151
f 252/275/153 263/287/153 262/286/152 251/274/152
f 253/276/154 264/288/154 263/287/153 252/275/153
f 255/277/144 266/289/156 265/290/157 254/278/145
f 256/279/146 267/291/158 266/289/156 255/277/144
f 257/280/147 268/292/159 267/291/158 256/279/146
f 258/281/148 269/293/160 268/292/159 257/280/147
f 259/282/149 270/294/161 269/293/160 258/281/148
f 260/283/155 271/295/162 270/296/161 259/284/149
f 261/285/151 272/297/163 271/295/162 260/283/155
f 262/286/152 273/298/164 272/297/163 261/285/151
f 263/287/153 274/299/165 273/298/164 262/286/152
f 264/288/154 275/300/166 274/299/165 263/287/153
f 266/289/156 277/301/167 276/302/168 265/290/157
f 267/291/158 278/303/169 277/301/167 266/289/156
f 268/292/159 279/304/170 278/303/169 267/291/158
f 269/293/160 280/305/171 279/304/170 268/292/159
f 270/294/161 281/306/172 280/305/171 269/293/160
f 271/295/162 282/307/173 281/308/172 270/296/161
f 272/297/163 283/309/174 282/307/173 271/295/162
f 273/298/164 284/310/175 283/309/174 272/297/163
f 274/299/165 285/311/176 284/310/175 273/298/164
f 275/300/166 286/312/177 285/311/176 274/299/165
f 277/301/167 288/313/178 287/314/179 276/302/168
f 278/303/169 289/315/180 288/313/178 277/301/167
f 279/304/170 290/316/181 289/315/180 278/303/169
f 280/305/171 291/317/182 290/316/181 279/304/170
f 281/306/172 292/318/183 291/317/182 280/305/171
f 282/307/173 293/319/184 292/320/183 281/308/172
f 283/309/174 294/321/185 293/319/184 282/307/173
f 284/310/175 295/322/186 294/321/185 283/309/174
f 285/311/176 296/323/187 295/322/186 284/310/175
f 286/312/177 297/324/188 296/323/187 285/311/176
f 288/313/178 299/325/189 298/326/190 287/314/179
f 289/315/180 300/327/191 299/325/189 288/313/178
f 290/316/181 301/328/192 300/327/191 289/315/180
f 291/317/182 302/329/193 301/328/192 290/316/181
f 292/318/183 303/330/194 302/329/193 291/317/182
f 293/319/184 304/331/195 303/332/194 292/320/183
f 294/321/185 305/333/196 304/331/195 293/319/184
f 295/322/186 306/334/197 305/333/196 294/321/185
f 296/323/187 307/335/198 306/334/197 295/322/186
f 297/324/188 308/336/199 307/335/198 296/323/187
f 299/325/189 310/337/200 309/338/201 298/326/190
f 300/327/191 311/339/202 310/337/200 299/325/189
f 301/328/192 312/340/203 311/339/202 300/327/191
f 302/329/193 313/341/204 312/340/203 301/328/192
f 303/330/194 314/342/205 313/341/204 302/329/193
f 304/331/195 315/343/206 314/344/205 303/332/194
f 305/333/196 316/345/207 315/343/206 304/331/195
f 306/334/197 317/346/208 316/345/207 305/333/196
f 307/335/198 318/347/209 317/346/208 306/334/197
f 308/336/199 319/348/210 318/347/209 307/335/198
f 310/337/200 321/349/211 320/350/212 309/338/201
f 311/339/202 322/351/213 321/349/211 310/337/200
f 312/340/203 323/352/214 322/351/213 311/339/202
f 313/341/204 324/353/215 323/352/214 312/340/203
f 314/342/205 325/354/216 324/353/215 313/341/204
f 315/343/206 326/355/217 325/356/216 314/344/205
f 316/345/207 327/357/218 326/355/217 315/343/206
f 317/346/208 328/358/219 327/357/218 316/345/207
f 318/347/209 329/359/220 328/358/219 317/346/208
f 319/348/210 330/360/221 329/359/220 318/347/209
f 321/349/211 332/361/222 331/362/201 320/350/212
f 322/351/213 333/363/223 332/361/222 321/349/211
f 323/352/214 334/364/224 333/363/223 322/351/213
f 324/353/215 335/365/225 334/364/224 323/352/214
f 325/354/216 336/366/226 335/365/225 324/353/215
f 326/355/217 337/367/227 336/368/226 325/356/216
f 327/357/218 338/369/228 337/367/227 326/355/217
f 328/358/219 339/370/229 338/369/228 327/357/218
f 329/359/220 340/371/230 339/370/229 328/358/219
f 330/360/221 341/372/231 340/371/230 329/359/220
f 1351/373/232 1160/374/233 1355/375/234 1362/376/235
f 333/363/223 343/377/236 342/378/237 332/361/222
f 334/364/224 344/379/238 343/377/236 333/363/223
f 335/365/225 345/380/239 344/379/238 334/364/224
f 336/366/226 346/381/240 345/380/239 335/365/225
f 337/367/227 347/382/241 346/383/240 336/368/226
f 338/369/228 348/384/242 347/382/241 337/367/227
f 339/370/229 349/385/243 348/384/242 338/369/228
f 340/371/230 350/386/244 349/385/243 339/370/229
f 1358/387/245 1365/388/246 359/389/247 350/386/244
f 332/361/222 342/378/237 1356/390/248 331/362/201
f 343/377/236 352/391/249 351/392/250 342/378/237
f 344/379/238 353/393/251 352/391/249 343/377/236
f 345/380/239 354/394/252 353/393/251 344/379/238
f 346/381/240 355/395/253 354/394/252 345/380/239
f 347/382/241 356/396/254 355/397/253 346/383/240
f 348/384/242 357/398/255 356/396/254 347/382/241
f 349/385/243 358/399/256 357/398/255 348/384/242
f 350/386/244 359/389/247 358/399/256 349/385/243
f 1359/400/257 1509/401/258 1164/402/259 1159/403/260
f 1347/404/261 1351/373/232 1362/376/235 1368/405/262
f 352/391/249 361/406/263 360/407/264 351/392/250
f 353/393/251 362/408/265 361/406/263 352/391/249
f 354/394/252 363/409/266 362/408/265 353/393/251
f 355/395/253 364/410/267 363/409/266 354/394/252
f 356/396/254 365/411/268 364/412/267 355/397/253
f 357/398/255 366/413/269 365/411/268 356/396/254
f 358/399/256 367/414/270 366/413/269 357/398/255
f 359/389/247 368/415/271 367/414/270 358/399/256
f 1370/416/272 1364/417/273 1352/418/274 1348/419/275
f 1343/420/276 1347/404/261 1368/405/262 1374/421/277
f 361/406/263 370/422/278 369/423/279 360/407/264
f 362/408/265 371/424/280 370/422/278 361/406/263
f 363/409/266 372/425/281 371/424/280 362/408/265
f 364/410/267 373/426/282 372/425/281 363/409/266
f 365/411/268 374/427/283 373/428/282 364/412/267
f 366/413/269 375/429/284 374/427/283 365/411/268
f 367/414/270 376/430/285 375/429/284 366/413/269
f 368/415/271 377/431/286 376/430/285 367/414/270
f 1376/432/287 1370/416/272 1348/419/275 1344/433/288
f 1339/434/289 1343/420/276 1374/421/277 1380/435/290
f 370/422/278 379/436/291 378/437/292 369/423/279
f 371/424/280 380/438/293 379/436/291 370/422/278
f 372/425/281 381/439/294 380/438/293 371/424/280
f 373/426/282 382/440/295 381/439/294 372/425/281
f 374/427/283 383/441/296 382/442/295 373/428/282
f 375/429/284 384/443/297 383/441/296 374/427/283
f 376/430/285 385/444/298 384/443/297 375/429/284
f 377/431/286 386/445/299 385/444/298 376/430/285
f 1382/446/300 1376/432/287 1344/433/288 1340/447/301
f 1335/448/302 1339/434/289 1380/435/290 1386/449/303
f 379/436/291 388/450/304 387/451/305 378/437/292
f 380/438/293 389/452/306 388/450/304 379/436/291
f 381/439/294 390/453/307 389/452/306 380/438/293
f 382/440/295 391/454/308 390/453/307 381/439/294
f 383/441/296 392/455/309 391/456/308 382/442/295
f 384/443/297 393/457/310 392/455/309 383/441/296
f 385/444/298 394/458/311 393/457/310 384/443/297
f 386/445/299 395/459/312 394/458/311 385/444/298
f 1388/460/313 1382/446/300 1340/447/301 1336/461/314
f 1331/462/315 1335/448/302 1386/449/303 1392/463/316
f 388/450/304 397/464/317 396/465/318 387/451/305
f 389/452/306 398/466/319 397/464/317 388/450/304
f 390/453/307 399/467/320 398/466/319 389/452/306
f 391/454/308 400/468/321 399/467/320 390/453/307
f 392/455/309 401/469/322 400/470/321 391/456/308
f 393/457/310 402/471/323 401/469/322 392/455/309
f 394/458/311 403/472/324 402/471/323 393/457/310
f 395/459/312 404/473/325 403/472/324 394/458/311
f 1394/474/326 1388/460/313 1336/461/314 1332/475/327
f 1327/476/328 1331/462/315 1392/463/316 1398/477/329
f 397/464/317 406/478/330 405/479/331 396/465/318
f 398/466/319 407/480/332 406/478/330 397/464/317
f 399/467/320 408/481/333 407/480/332 398/466/319
f 400/468/321 409/482/334 408/481/333 399/467/320
f 401/469/322 410/483/335 409/484/334 400/470/321
f 402/471/323 411/485/336 410/483/335 401/469/322
f 403/472/324 412/486/337 411/485/336 402/471/323
f 404/473/325 413/487/338 412/486/337 403/472/324
f 1400/488/339 1394/474/326 1332/475/327 1328/489/340
f 1323/490/341 1327/476/328 1398/477/329 1404/491/342
f 406/478/330 415/492/343 414/493/344 405/479/331
f 407/480/332 416/494/345 415/492/343 406/478/330
f 408/481/333 417/495/346 416/494/345 407/480/332
f 409/482/334 418/496/347 417/495/346 408/481/333
f 410/483/335 419/497/348 418/498/347 409/484/334
f 411/485/336 420/499/349 419/497/348 410/483/335
f 412/486/337 421/500/350 420/499/349 411/485/336
f 413/487/338 422/501/351 421/500/350 412/486/337
f 1406/502/352 1400/488/339 1328/489/340 1324/503/353
f 1319/504/354 1323/490/341 1404/491/342 1410/505/355
f 415/492/343 424/506/356 423/507/357 414/493/344
f 416/494/345 425/508/358 424/506/356 415/492/343
f 417/495/346 426/509/359 425/508/358 416/494/345
f 418/496/347 427/510/360 426/509/359 417/495/346
f 419/497/348 428/511/361 427/512/360 418/498/347
f 420/499/349 429/513/362 428/511/361 419/497/348
f 421/500/350 430/514/363 429/513/362 420/499/349
f 422/501/351 431/515/364 430/514/363 421/500/350
f 1412/516/365 1406/502/352 1324/503/353 1320/517/366
f 1315/518/367 1319/504/354 1410/505/355 1416/519/368
f 424/506/356 433/520/369 432/521/370 423/507/357
f 425/508/358 434/522/371 433/520/369 424/506/356
f 426/509/359 435/523/372 434/522/371 425/508/358
f 427/510/360 436/524/373 435/523/372 426/509/359
f 428/511/361 437/525/374 436/526/373 427/512/360
f 429/513/362 438/527/375 437/525/374 428/511/361
f 430/514/363 439/528/376 438/527/375 429/513/362
f 431/515/364 440/529/377 439/528/376 430/514/363
f 1418/530/378 1412/516/365 1320/517/366 1316/531/379
f 1311/532/380 1315/518/367 1416/519/368 1422/533/381
f 433/520/369 442/534/382 441/535/383 432/521/370
f 434/522/371 443/536/384 442/534/382 433/520/369
f 435/523/372 444/537/385 443/536/384 434/522/371
f 436/524/373 445/538/386 444/537/385 435/523/372
f 437/525/374 446/539/387 445/540/386 436/526/373
f 438/527/375 447/541/388 446/539/387 437/525/374
f 439/528/376 448/542/389 447/541/388 438/527/375
f 440/529/377 449/543/390 448/542/389 439/528/376
f 1424/544/391 1418/530/378 1316/531/379 1312/545/392
f 1307/546/393 1311/532/380 1422/533/381 1428/547/394
f 442/534/382 451/548/395 450/549/396 441/535/383
f 443/536/384 452/550/397 451/548/395 442/534/382
f 444/537/385 453/551/398 452/550/397 443/536/384
f 445/538/386 454/552/399 453/551/398 444/537/385
f 446/539/387 455/553/400 454/554/399 445/540/386
f 447/541/388 456/555/401 455/553/400 446/539/387
f 448/542/389 457/556/402 456/555/401 447/541/388
f 449/543/390 458/557/403 457/556/402 448/542/389
f 1430/558/404 1424/544/391 1312/545/392 1308/559/405
f 1303/560/406 1307/546/393 1428/547/394 1434/561/407
f 451/548/395 460/562/408 459/563/409 450/549/396
f 452/550/397 461/564/410 460/562/408 451/548/395
f 453/551/398 462/565/411 461/564/410 452/550/397
f 454/552/399 463/566/412 462/565/411 453/551/398
f 455/553/400 464/567/413 463/568/412 454/554/399
f 456/555/401 465/569/414 464/567/413 455/553/400
f 457/556/402 466/570/415 465/569/414 456/555/401
f 458/557/403 467/571/416 466/570/415 457/556/402
f 1436/572/417 1430/558/404 1308/559/405 1304/573/418
f 1299/574/419 1303/560/406 1434/561/407 1440/575/420
f 460/562/408 469/576/421 468/577/422 459/563/409
f 461/564/410 470/578/423 469/576/421 460/562/408
f 462/565/411 471/579/424 470/578/423 461/564/410
f 463/566/412 472/580/425 471/579/424 462/565/411
f 464/567/413 473/581/426 472/582/425 463/568/412
f 465/569/414 474/583/427 473/581/426 464/567/413
f 466/570/415 475/584/428 474/583/427 465/569/414
f 467/571/416 476/585/429 475/584/428 466/570/415
f 1442/586/430 1436/572/417 1304/573/418 1300/587/431
f 1295/588/432 1299/574/419 1440/575/420 1446/589/433
f 469/576/421 478/590/434 477/591/435 468/577/422
f 470/578/423 479/592/436 478/590/434 469/576/421
f 471/579/424 480/593/437 479/592/436 470/578/423
f 472/580/425 481/594/438 480/593/437 471/579/424
f 473/581/426 482/595/439 481/596/438 472/582/425
f 474/583/427 483/597/440 482/595/439 473/581/426
f 475/584/428 484/598/441 483/597/440 474/583/427
f 476/585/429 485/599/442 484/598/441 475/584/428
f 1448/600/443 1442/586/430 1300/587/431 1296/601/444
f 1291/602/445 1295/588/432 1446/589/433 1452/603/446
f 478/590/434 487/604/447 486/605/448 477/591/435
f 479/592/436 488/606/449 487/604/447 478/590/434
f 480/593/437 489/607/450 488/606/449 479/592/436
f 481/594/438 490/608/451 489/607/450 480/593/437
f 482/595/439 491/609/452 490/610/451 481/596/438
f 483/597/440 492/611/453 491/609/452 482/595/439
f 484/598/441 493/612/454 492/611/453 483/597/440
f 485/599/442 494/613/455 493/612/454 484/598/441
f 1454/614/456 1448/600/443 1296/601/444 1292/615/457
f 1287/616/458 1291/602/445 1452/603/446 1458/617/459
f 487/604/447 496/618/460 495/619/461 486/605/448
f 488/606/449 497/620/462 496/618/460 487/604/447
f 489/607/450 498/621/463 497/620/462 488/606/449
f 490/608/451 499/622/464 498/621/463 489/607/450
f 491/609/452 500/623/465 499/624/464 490/610/451
f 492/611/453 501/625/466 500/623/465 491/609/452
f 493/612/454 502/626/467 501/625/466 492/611/453
f 494/613/455 503/627/468 502/626/467 493/612/454
f 1460/628/469 1454/614/456 1292/615/457 1288/629/470
f 1283/630/471 1287/616/458 1458/617/459 1464/631/472
f 496/618/460 505/632/473 504/633/474 495/619/461
f 497/620/462 506/634/475 505/632/473 496/618/460
f 498/621/463 507/635/476 506/634/475 497/620/462
f 499/622/464 508/636/477 507/635/476 498/621/463
f 500/623/465 509/637/478 508/638/477 499/624/464
f 501/625/466 510/639/479 509/637/478 500/623/465
f 502/626/467 511/640/480 510/639/479 501/625/466
f 503/627/468 512/641/481 511/640/480 502/626/467
f 1466/642/482 1460/628/469 1288/629/470 1284/643/483
f 1279/644/484 1283/630/471 1464/631/472 1470/645/485
f 505/632/473 514/646/486 513/647/487 504/633/474
f 506/634/475 515/648/488 514/646/486 505/632/473
f 507/635/476 516/649/489 515/648/488 506/634/475
f 508/636/477 517/650/490 516/649/489 507/635/476
f 509/637/478 518/651/491 517/652/490 508/638/477
f 510/639/479 519/653/492 518/651/491 509/637/478
f 511/640/480 520/654/493 519/653/492 510/639/479
f 512/641/481 521/655/494 520/654/493 511/640/480
f 1472/656/495 1466/642/482 1284/643/483 1280/657/496
f 1275/658/497 1279/644/484 1470/645/485 1476/659/498
f 514/646/486 523/660/499 522/661/500 513/647/487
f 515/648/488 524/662/501 523/660/499 514/646/486
f 516/649/489 525/663/502 524/662/501 515/648/488
f 517/650/490 526/664/503 525/663/502 516/649/489
f 518/651/491 527/665/504 526/666/503 517/652/490
f 519/653/492 528/667/505 527/665/504 518/651/491
f 520/654/493 529/668/506 528/667/505 519/653/492
f 521/655/494 530/669/507 529/668/506 520/654/493
f 1478/670/508 1472/656/495 1280/657/496 1276/671/509
f 1271/672/510 1275/658/497 1476/659/498 1482/673/511
f 523/660/499 532/674/512 531/675/513 522/661/500
f 524/662/501 533/676/514 532/674/512 523/660/499
f 525/663/502 534/677/515 533/676/514 524/662/501
f 526/664/503 535/678/516 534/677/515 525/663/502
f 527/665/504 536/679/517 535/680/516 526/666/503
f 528/667/505 537/681/518 536/679/517 527/665/504
f 529/668/506 538/682/519 537/681/518 528/667/505
f 530/669/507 539/683/520 538/682/519 529/668/506
f 1484/684/521 1478/670/508 1276/671/509 1272/685/522
f 1267/686/523 1271/672/510 1482/673/511 1488/687/524
f 532/674/512 541/688/525 540/689/526 531/675/513
f 533/676/514 542/690/527 541/688/525 532/674/512
f 534/677/515 543/691/528 542/690/527 533/676/514
f 535/678/516 544/692/529 543/691/528 534/677/515
f 536/679/517 545/693/530 544/694/529 535/680/516
f 537/681/518 546/695/531 545/693/530 536/679/517
f 538/682/519 547/696/532 546/695/531 537/681/518
f 539/683/520 548/697/533 547/696/532 538/682/519
f 1490/698/534 1484/684/521 1272/685/522 1268/699/535
f 1263/700/536 1267/686/523 1488/687/524 1494/701/537
f 541/688/525 550/702/538 549/703/539 540/689/526
f 542/690/527 551/704/540 550/702/538 541/688/525
f 543/691/528 552/705/541 551/704/540 542/690/527
f 544/692/529 553/706/542 552/705/541 543/691/528
f 545/693/530 554/707/543 553/708/542 544/694/529
f 546/695/531 555/709/544 554/707/543 545/693/530
f 547/696/532 556/710/545 555/709/544 546/695/531
f 548/697/533 557/711/546 556/710/545 547/696/532
f 1496/712/547 1490/698/534 1268/699/535 1264/713/548
f 1259/714/549 1263/700/536 1494/701/537 1500/715/550
f 550/702/538 559/716/551 558/717/552 549/703/539
f 551/704/540 560/718/553 559/716/551 550/702/538
f 552/705/541 561/719/554 560/718/553 551/704/540
f 553/706/542 562/720/555 561/719/554 552/705/541
f 554/707/543 563/721/556 562/722/555 553/708/542
f 555/709/544 564/723/557 563/721/556 554/707/543
f 556/710/545 565/724/558 564/723/557 555/709/544
f 557/711/546 566/725/559 565/724/558 556/710/545
f 1502/726/560 1496/712/547 1264/713/548 1260/727/561
f 1686/728/562 1115/729/563 1643/730/564 1703/731/565
f 559/716/551 569/732/566 568/733/567 558/717/552
f 560/718/553 570/734/568 569/732/566 559/716/551
f 561/719/554 571/735/569 570/734/568 560/718/553
f 562/720/555 572/736/570 571/735/569 561/719/554
f 563/721/556 573/737/571 572/738/570 562/722/555
f 564/723/557 574/739/572 573/737/571 563/721/556
f 565/724/558 575/740/573 574/739/572 564/723/557
f 566/725/559 576/741/574 575/740/573 565/724/558
f 1125/742/575 1136/743/576 1675/744/577 1673/745/578
f 568/733/567 579/746/579 578/747/580 567/748/581
f 569/732/566 580/749/582 579/746/579 568/733/567
f 570/734/568 581/750/583 580/749/582 569/732/566
f 571/735/569 582/751/584 581/750/583 570/734/568
f 572/736/570 583/752/585 582/751/584 571/735/569
f 573/737/571 584/753/586 583/754/585 572/738/570
f 574/739/572 585/755/587 584/753/586 573/737/571
f 575/740/573 586/756/588 585/755/587 574/739/572
f 576/741/574 587/757/589 586/756/588 575/740/573
f 577/758/590 588/759/591 587/757/589 576/741/574
f 579/746/579 590/760/592 589/761/593 578/747/580
f 580/749/582 591/762/594 590/760/592 579/746/579
f 581/750/583 592/763/595 591/762/594 580/749/582
f 582/751/584 593/764/596 592/763/595 581/750/583
f 583/752/585 594/765/597 593/764/596 582/751/584
f 584/753/586 595/766/598 594/767/597 583/754/585
f 585/755/587 596/768/599 595/766/598 584/753/586
f 586/756/588 597/769/600 596/768/599 585/755/587
f 587/757/589 598/770/601 597/769/600 586/756/588
f 588/759/591 599/771/602 598/770/601 587/757/589
f 590/760/592 601/772/603 600/773/604 589/761/593
f 591/762/594 602/774/605 601/772/603 590/760/592
f 592/763/595 603/775/606 602/774/605 591/762/594
f 593/764/596 604/776/607 603/775/606 592/763/595
f 594/765/597 605/777/608 604/776/607 593/764/596
f 595/766/598 606/778/609 605/779/608 594/767/597
f 596/768/599 607/780/610 606/778/609 595/766/598
f 597/769/600 608/781/611 607/780/610 596/768/599
f 598/770/601 609/782/612 608/781/611 597/769/600
f 599/771/602 610/783/613 609/782/612 598/770/601
f 1650/784/614 1148/785/615 1679/786/145
f 1150/787/616 1149/788/617 1653/789/618 1655/790/619
f 1151/791/620 1150/787/616 1655/790/619 1657/792/621
f 1152/793/622 1151/791/620 1657/794/621 1659/795/623
f 1153/796/624 1152/793/622 1659/797/623 1661/798/625
f 1154/799/626 1153/800/624 1661/801/625 1663/802/627
f 1155/803/628 1154/799/626 1663/804/627 1665/805/629
f 1156/806/630 1155/803/628 1665/807/629 1667/808/631
f 1157/809/632 1156/806/630 1667/810/631 1669/811/633
f 1158/812/634 1157/809/632 1669/813/633 1671/814/635
f 611/815/636 1/4/4 12/3/3 620/816/637
f 612/817/638 611/815/636 620/816/637 621/818/639
f 613/819/640 612/817/638 621/818/639 622/820/641
f 614/821/642 613/819/640 622/820/641 623/822/643
f 615/823/644 614/821/642 623/822/643 624/824/645
f 616/825/646 615/826/644 624/827/645 625/828/647
f 617/829/648 616/825/646 625/828/647 626/830/649
f 618/831/650 617/829/648 626/830/649 627/832/651
f 619/833/652 618/831/650 627/832/651 628/834/653
f 11/23/21 619/833/652 628/834/653 22/24/22
f 620/816/637 12/3/3 23/26/24 629/835/654
f 621/818/639 620/816/637 629/835/654 630/836/655
f 622/820/641 621/818/639 630/836/655 631/837/656
f 623/822/643 622/820/641 631/837/656 632/838/657
f 624/824/645 623/822/643 632/838/657 633/839/658
f 625/828/647 624/827/645 633/840/658 634/841/659
f 626/830/649 625/828/647 634/841/659 635/842/660
f 627/832/651 626/830/649 635/842/660 636/843/661
f 628/834/653 627/832/651 636/843/661 637/844/662
f 22/24/22 628/834/653 637/844/662 33/36/33
f 629/835/654 23/26/24 34/38/35 638/845/663
f 630/836/655 629/835/654 638/845/663 639/846/664
f 631/837/656 630/836/655 639/846/664 640/847/665
f 632/838/657 631/837/656 640/847/665 641/848/666
f 633/839/658 632/838/657 641/848/666 642/849/667
f 634/841/659 633/840/658 642/850/667 643/851/668
f 635/842/660 634/841/659 643/851/668 644/852/669
f 636/843/661 635/842/660 644/852/669 645/853/670
f 637/844/662 636/843/661 645/853/670 646/854/671
f 33/36/33 637/844/662 646/854/671 44/48/44
f 638/845/663 34/38/35 45/50/46 647/855/672
f 639/846/664 638/845/663 647/855/672 648/856/673
f 640/847/665 639/846/664 648/856/673 649/857/674
f 641/848/666 640/847/665 649/857/674 650/858/675
f 642/849/667 641/848/666 650/858/675 651/859/676
f 643/851/668 642/850/667 651/860/676 652/861/677
f 644/852/669 643/851/668 652/861/677 653/862/678
f 645/853/670 644/852/669 653/862/678 654/863/679
f 646/854/671 645/853/670 654/863/679 655/864/680
f 44/48/44 646/854/671 655/864/680 55/60/55
f 647/855/672 45/50/46 56/62/57 656/865/681
f 648/856/673 647/855/672 656/865/681 657/866/682
f 649/857/674 648/856/673 657/866/682 658/867/683
f 650/858/675 649/857/674 658/867/683 659/868/684
f 651/859/676 650/858/675 659/868/684 660/869/685
f 652/861/677 651/860/676 660/870/685 661/871/686
f 653/862/678 652/861/677 661/871/686 662/872/687
f 654/863/679 653/862/678 662/872/687 663/873/688
f 655/864/680 654/863/679 663/873/688 664/874/689
f 55/60/55 655/864/680 664/874/689 66/72/66
f 656/865/681 56/62/57 67/74/68 665/875/690
f 657/866/682 656/865/681 665/875/690 666/876/691
f 658/867/683 657/866/682 666/876/691 667/877/692
f 659/868/684 658/867/683 667/877/692 668/878/693
f 660/869/685 659/868/684 668/878/693 669/879/694
f 661/871/686 660/870/685 669/880/694 670/881/695
f 662/872/687 661/871/686 670/881/695 671/882/696
f 663/873/688 662/872/687 671/882/696 672/883/697
f 664/874/689 663/873/688 672/883/697 673/884/698
f 66/72/66 664/874/689 673/884/698 77/84/77
f 665/875/690 67/74/68 78/86/79 674/885/699
f 666/876/691 665/875/690 674/885/699 675/886/700
f 667/877/692 666/876/691 675/886/700 676/887/701
f 668/878/693 667/877/692 676/887/701 677/888/702
f 669/879/694 668/878/693 677/888/702 678/889/703
f 670/881/695 669/880/694 678/890/703 679/891/704
f 671/882/696 670/881/695 679/891/704 680/892/705
f 672/883/697 671/882/696 680/892/705 681/893/706
f 673/884/698 672/883/697 681/893/706 682/894/707
f 77/84/77 673/884/698 682/894/707 88/96/88
f 674/885/699 78/86/79 89/98/90 683/895/708
f 675/886/700 674/885/699 683/895/708 684/896/709
f 676/887/701 675/886/700 684/896/709 685/897/710
f 677/888/702 676/887/701 685/897/710 686/898/711
f 678/889/703 677/888/702 686/898/711 687/899/712
f 679/891/704 678/890/703 687/900/712 688/901/713
f 680/892/705 679/891/704 688/901/713 689/902/714
f 681/893/706 680/892/705 689/902/714 690/903/715
f 682/894/707 681/893/706 690/903/715 691/904/716
f 88/96/88 682/894/707 691/904/716 99/108/99
f 683/895/708 89/98/90 100/110/101 692/905/717
f 684/896/709 683/895/708 692/905/717 693/906/718
f 685/897/710 684/896/709 693/906/718 694/907/719
f 686/898/711 685/897/710 694/907/719 695/908/720
f 687/899/712 686/898/711 695/908/720 696/909/721
f 688/901/713 687/900/712 696/910/721 697/911/722
f 689/902/714 688/901/713 697/911/722 698/912/723
f 690/903/715 689/902/714 698/912/723 699/913/724
f 691/904/716 690/903/715 699/913/724 700/914/725
f 99/108/99 691/904/716 700/914/725 110/120/110
f 692/905/717 100/110/101 111/122/112 701/915/726
f 693/906/718 692/905/717 701/915/726 702/916/727
f 694/907/719 693/906/718 702/916/727 703/917/728
f 695/908/720 694/907/719 703/917/728 704/918/729
f 696/909/721 695/908/720 704/918/729 705/919/730
f 697/911/722 696/910/721 705/920/730 706/921/731
f 698/912/723 697/911/722 706/921/731 707/922/732
f 699/913/724 698/912/723 707/922/732 708/923/733
f 700/914/725 699/913/724 708/923/733 709/924/734
f 110/120/110 700/914/725 709/924/734 121/132/121
f 701/915/726 111/122/112 122/134/123 710/925/735
f 702/916/727 701/915/726 710/925/735 711/926/736
f 703/917/728 702/916/727 711/926/736 712/927/737
f 704/918/729 703/917/728 712/927/737 713/928/738
f 705/919/730 704/918/729 713/928/738 714/929/739
f 706/921/731 705/920/730 714/930/739 715/931/740
f 707/922/732 706/921/731 715/931/740 716/932/741
f 708/923/733 707/922/732 716/932/741 717/933/742
f 709/924/734 708/923/733 717/933/742 718/934/743
f 121/132/121 709/924/734 718/934/743 132/144/132
f 710/925/735 122/134/123 133/146/134 719/935/744
f 711/926/736 710/925/735 719/935/744 720/936/745
f 712/927/737 711/926/736 720/936/745 721/937/746
f 713/928/738 712/927/737 721/937/746 722/938/747
f 714/929/739 713/928/738 722/938/747 723/939/748
f 715/931/740 714/930/739 723/940/748 724/941/749
f 716/932/741 715/931/740 724/941/749 725/942/750
f 717/933/742 716/932/741 725/942/750 726/943/751
f 718/934/743 717/933/742 726/943/751 727/944/752
f 132/144/132 718/934/743 727/944/752 143/156/143
f 719/935/744 133/146/134 144/158/145 728/945/753
f 720/936/745 719/935/744 728/945/753 729/946/754
f 721/937/746 720/936/745 729/946/754 730/947/755
f 722/938/747 721/937/746 730/947/755 731/948/756
f 723/939/748 722/938/747 731/948/756 732/949/757
f 724/941/749 723/940/748 732/950/757 733/951/758
f 725/942/750 724/941/749 733/951/758 734/952/759
f 726/943/751 725/942/750 734/952/759 735/953/760
f 727/944/752 726/943/751 735/953/760 736/954/761
f 143/156/143 727/944/752 736/954/761 154/168/154
f 728/945/753 144/158/145 155/170/145 737/955/753
f 729/946/754 728/945/753 737/955/753 738/956/754
f 730/947/755 729/946/754 738/956/754 739/957/755
f 731/948/756 730/947/755 739/957/755 740/958/756
f 732/949/757 731/948/756 740/958/756 741/959/757
f 733/951/758 732/950/757 741/960/757 742/961/758
f 734/952/759 733/951/758 742/961/758 743/962/759
f 735/953/760 734/952/759 743/962/759 744/963/760
f 736/954/761 735/953/760 744/963/760 745/964/761
f 154/168/154 736/954/761 745/964/761 165/180/154
f 737/955/753 155/170/145 166/182/145 746/965/753
f 738/956/754 737/955/753 746/965/753 747/966/754
f 739/957/755 738/956/754 747/966/754 748/967/755
f 740/958/756 739/957/755 748/967/755 749/968/756
f 741/959/757 740/958/756 749/968/756 750/969/757
f 742/961/758 741/960/757 750/970/757 751/971/758
f 743/962/759 742/961/758 751/971/758 752/972/759
f 744/963/760 743/962/759 752/972/759 753/973/760
f 745/964/761 744/963/760 753/973/760 754/974/761
f 165/180/154 745/964/761 754/974/761 176/192/154
f 746/965/753 166/182/145 177/194/145 755/975/753
f 747/966/754 746/965/753 755/975/753 756/976/754
f 748/967/755 747/966/754 756/976/754 757/977/755
f 749/968/756 748/967/755 757/977/755 758/978/756
f 750/969/757 749/968/756 758/978/756 759/979/757
f 751/971/758 750/970/757 759/980/757 760/981/758
f 752/972/759 751/971/758 760/981/758 761/982/759
f 753/973/760 752/972/759 761/982/759 762/983/760
f 754/974/761 753/973/760 762/983/760 763/984/761
f 176/192/154 754/974/761 763/984/761 187/204/154
f 755/975/753 177/194/145 188/206/145 764/985/753
f 756/976/754 755/975/753 764/985/753 765/986/754
f 757/977/755 756/976/754 765/986/754 766/987/755
f 758/978/756 757/977/755 766/987/755 767/988/756
f 759/979/757 758/978/756 767/988/756 768/989/757
f 760/981/758 759/980/757 768/990/757 769/991/758
f 761/982/759 760/981/758 769/991/758 770/992/759
f 762/983/760 761/982/759 770/992/759 771/993/760
f 763/984/761 762/983/760 771/993/760 772/994/761
f 187/204/154 763/984/761 772/994/761 198/216/154
f 764/985/753 188/206/145 199/218/145 773/995/753
f 765/986/754 764/985/753 773/995/753 774/996/754
f 766/987/755 765/986/754 774/996/754 775/997/755
f 767/988/756 766/987/755 775/997/755 776/998/756
f 768/989/757 767/988/756 776/998/756 777/999/757
f 769/991/758 768/990/757 777/1000/757 778/1001/758
f 770/992/759 769/991/758 778/1001/758 779/1002/759
f 771/993/760 770/992/759 779/1002/759 780/1003/760
f 772/994/761 771/993/760 780/1003/760 781/1004/761
f 198/216/154 772/994/761 781/1004/761 209/228/154
f 773/995/753 199/218/145 210/230/145 782/1005/753
f 774/996/754 773/995/753 782/1005/753 783/1006/754
f 775/997/755 774/996/754 783/1006/754 784/1007/755
f 776/998/756 775/997/755 784/1007/755 785/1008/756
f 777/999/757 776/998/756 785/1008/756 786/1009/757
f 778/1001/758 777/1000/757 786/1010/757 787/1011/758
f 779/1002/759 778/1001/758 787/1011/758 788/1012/759
f 780/1003/760 779/1002/759 788/1012/759 789/1013/760
f 781/1004/761 780/1003/760 789/1013/760 790/1014/761
f 209/228/154 781/1004/761 790/1014/761 220/240/154
f 782/1005/753 210/230/145 221/242/145 791/1015/753
f 783/1006/754 782/1005/753 791/1015/753 792/1016/754
f 784/1007/755 783/1006/754 792/1016/754 793/1017/755
f 785/1008/756 784/1007/755 793/1017/755 794/1018/756
f 786/1009/757 785/1008/756 794/1018/756 795/1019/757
f 787/1011/758 786/1010/757 795/1020/757 796/1021/758
f 788/1012/759 787/1011/758 796/1021/758 797/1022/759
f 789/1013/760 788/1012/759 797/1022/759 798/1023/760
f 790/1014/761 789/1013/760 798/1023/760 799/1024/761
f 220/240/154 790/1014/761 799/1024/761 231/252/154
f 791/1015/753 221/242/145 232/254/145 800/1025/753
f 792/1016/754 791/1015/753 800/1025/753 801/1026/754
f 793/1017/755 792/1016/754 801/1026/754 802/1027/755
f 794/1018/756 793/1017/755 802/1027/755 803/1028/756
f 795/1019/757 794/1018/756 803/1028/756 804/1029/757
f 796/1021/758 795/1020/757 804/1030/757 805/1031/758
f 797/1022/759 796/1021/758 805/1031/758 806/1032/759
f 798/1023/760 797/1022/759 806/1032/759 807/1033/760
f 799/1024/761 798/1023/760 807/1033/760 808/1034/761
f 231/252/154 799/1024/761 808/1034/761 242/264/154
f 800/1025/753 232/254/145 243/266/145 809/1035/753
f 801/1026/754 800/1025/753 809/1035/753 810/1036/754
f 802/1027/755 801/1026/754 810/1036/754 811/1037/755
f 803/1028/756 802/1027/755 811/1037/755 812/1038/756
f 804/1029/757 803/1028/756 812/1038/756 813/1039/757
f 805/1031/758 804/1030/757 813/1040/757 814/1041/758
f 806/1032/759 805/1031/758 814/1041/758 815/1042/759
f 807/1033/760 806/1032/759 815/1042/759 816/1043/760
f 808/1034/761 807/1033/760 816/1043/760 817/1044/761
f 242/264/154 808/1034/761 817/1044/761 253/276/154
f 809/1035/753 243/266/145 254/278/145 818/1045/753
f 810/1036/754 809/1035/753 818/1045/753 819/1046/762
f 811/1037/755 810/1036/754 819/1046/762 820/1047/755
f 812/1038/756 811/1037/755 820/1047/755 821/1048/756
f 813/1039/757 812/1038/756 821/1048/756 822/1049/757
f 814/1041/758 813/1040/757 822/1050/757 823/1051/758
f 815/1042/759 814/1041/758 823/1051/758 824/1052/763
f 816/1043/760 815/1042/759 824/1052/763 825/1053/760
f 817/1044/761 816/1043/760 825/1053/760 826/1054/761
f 253/276/154 817/1044/761 826/1054/761 264/288/154
f 818/1045/753 254/278/145 265/290/157 827/1055/764
f 819/1046/762 818/1045/753 827/1055/764 828/1056/765
f 820/1047/755 819/1046/762 828/1056/765 829/1057/766
f 821/1048/756 820/1047/755 829/1057/766 830/1058/767
f 822/1049/757 821/1048/756 830/1058/767 831/1059/768
f 823/1051/758 822/1050/757 831/1060/768 832/1061/769
f 824/1052/763 823/1051/758 832/1061/769 833/1062/770
f 825/1053/760 824/1052/763 833/1062/770 834/1063/771
f 826/1054/761 825/1053/760 834/1063/771 835/1064/772
f 264/288/154 826/1054/761 835/1064/772 275/300/166
f 827/1055/764 265/290/157 276/302/168 836/1065/773
f 828/1056/765 827/1055/764 836/1065/773 837/1066/774
f 829/1057/766 828/1056/765 837/1066/774 838/1067/775
f 830/1058/767 829/1057/766 838/1067/775 839/1068/776
f 831/1059/768 830/1058/767 839/1068/776 840/1069/777
f 832/1061/769 831/1060/768 840/1070/777 841/1071/778
f 833/1062/770 832/1061/769 841/1071/778 842/1072/779
f 834/1063/771 833/1062/770 842/1072/779 843/1073/780
f 835/1064/772 834/1063/771 843/1073/780 844/1074/781
f 275/300/166 835/1064/772 844/1074/781 286/312/177
f 836/1065/773 276/302/168 287/314/179 845/1075/782
f 837/1066/774 836/1065/773 845/1075/782 846/1076/783
f 838/1067/775 837/1066/774 846/1076/783 847/1077/784
f 839/1068/776 838/1067/775 847/1077/784 848/1078/785
f 840/1069/777 839/1068/776 848/1078/785 849/1079/786
f 841/1071/778 840/1070/777 849/1080/786 850/1081/787
f 842/1072/779 841/1071/778 850/1081/787 851/1082/788
f 843/1073/780 842/1072/779 851/1082/788 852/1083/789
f 844/1074/781 843/1073/780 852/1083/789 853/1084/790
f 286/312/177 844/1074/781 853/1084/790 297/324/188
f 845/1075/782 287/314/179 298/326/190 854/1085/791
f 846/1076/783 845/1075/782 854/1085/791 855/1086/792
f 847/1077/784 846/1076/783 855/1086/792 856/1087/793
f 848/1078/785 847/1077/784 856/1087/793 857/1088/794
f 849/1079/786 848/1078/785 857/1088/794 858/1089/795
f 850/1081/787 849/1080/786 858/1090/795 859/1091/796
f 851/1082/788 850/1081/787 859/1091/796 860/1092/797
f 852/1083/789 851/1082/788 860/1092/797 861/1093/798
f 853/1084/790 852/1083/789 861/1093/798 862/1094/799
f 297/324/188 853/1084/790 862/1094/799 308/336/199
f 854/1085/791 298/326/190 309/338/201 863/1095/800
f 855/1086/792 854/1085/791 863/1095/800 864/1096/801
f 856/1087/793 855/1086/792 864/1096/801 865/1097/802
f 857/1088/794 856/1087/793 865/1097/802 866/1098/803
f 858/1089/795 857/1088/794 866/1098/803 867/1099/804
f 859/1091/796 858/1090/795 867/1100/804 868/1101/805
f 860/1092/797 859/1091/796 868/1101/805 869/1102/806
f 861/1093/798 860/1092/797 869/1102/806 870/1103/807
f 862/1094/799 861/1093/798 870/1103/807 871/1104/808
f 308/336/199 862/1094/799 871/1104/808 319/348/210
f 863/1095/800 309/338/201 320/350/212 872/1105/809
f 864/1096/801 863/1095/800 872/1105/809 873/1106/810
f 865/1097/802 864/1096/801 873/1106/810 874/1107/811
f 866/1098/803 865/1097/802 874/1107/811 875/1108/812
f 867/1099/804 866/1098/803 875/1108/812 876/1109/813
f 868/1101/805 867/1100/804 876/1110/813 877/1111/814
f 869/1102/806 868/1101/805 877/1111/814 878/1112/815
f 870/1103/807 869/1102/806 878/1112/815 879/1113/816
f 871/1104/808 870/1103/807 879/1113/816 880/1114/817
f 319/348/210 871/1104/808 880/1114/817 330/360/221
f 872/1105/809 320/350/212 331/362/201 881/1115/818
f 873/1106/810 872/1105/809 881/1115/818 882/1116/819
f 874/1107/811 873/1106/810 882/1116/819 883/1117/820
f 875/1108/812 874/1107/811 883/1117/820 884/1118/821
f 876/1109/813 875/1108/812 884/1118/821 885/1119/822
f 877/1111/814 876/1110/813 885/1120/822 886/1121/823
f 878/1112/815 877/1111/814 886/1121/823 887/1122/824
f 879/1113/816 878/1112/815 887/1122/824 888/1123/825
f 880/1114/817 879/1113/816 888/1123/825 889/1124/826
f 330/360/221 880/1114/817 889/1124/826 341/372/231
f 1160/374/827 1163/1125/828 1505/1126/829 1355/375/830
f 882/1116/819 881/1115/818 890/1127/831 891/1128/832
f 883/1117/820 882/1116/819 891/1128/832 892/1129/833
f 884/1118/821 883/1117/820 892/1129/833 893/1130/834
f 885/1119/822 884/1118/821 893/1130/834 894/1131/835
f 886/1121/823 885/1120/822 894/1132/835 895/1133/836
f 887/1122/824 886/1121/823 895/1133/836 896/1134/837
f 888/1123/825 887/1122/824 896/1134/837 897/1135/838
f 889/1124/826 888/1123/825 897/1135/838 898/1136/839
f 341/372/231 1358/387/245 350/386/244 340/371/230
f 881/1115/818 331/362/201 1356/390/248 890/1127/831
f 891/1128/832 890/1127/831 899/1137/840 900/1138/841
f 892/1129/833 891/1128/832 900/1138/841 901/1139/842
f 893/1130/834 892/1129/833 901/1139/842 902/1140/843
f 894/1131/835 893/1130/834 902/1140/843 903/1141/844
f 895/1133/836 894/1132/835 903/1142/844 904/1143/845
f 896/1134/837 895/1133/836 904/1143/845 905/1144/846
f 897/1135/838 896/1134/837 905/1144/846 906/1145/847
f 898/1136/839 897/1135/838 906/1145/847 907/1146/848
f 1364/417/273 1359/400/849 1159/403/850 1352/418/274
f 1163/1125/828 1167/1147/851 1511/1148/852 1505/1126/829
f 900/1138/841 899/1137/840 908/1149/853 909/1150/854
f 901/1139/842 900/1138/841 909/1150/854 910/1151/855
f 902/1140/843 901/1139/842 910/1151/855 911/1152/856
f 903/1141/844 902/1140/843 911/1152/856 912/1153/857
f 904/1143/845 903/1142/844 912/1154/857 913/1155/858
f 905/1144/846 904/1143/845 913/1155/858 914/1156/859
f 906/1145/847 905/1144/846 914/1156/859 915/1157/860
f 907/1146/848 906/1145/847 915/1157/860 916/1158/861
f 1509/401/258 1515/1159/862 1168/1160/863 1164/402/259
f 1167/1147/851 1171/1161/864 1517/1162/865 1511/1148/852
f 909/1150/854 908/1149/853 917/1163/866 918/1164/867
f 910/1151/855 909/1150/854 918/1164/867 919/1165/868
f 911/1152/856 910/1151/855 919/1165/868 920/1166/869
f 912/1153/857 911/1152/856 920/1166/869 921/1167/870
f 913/1155/858 912/1154/857 921/1168/870 922/1169/871
f 914/1156/859 913/1155/858 922/1169/871 923/1170/872
f 915/1157/860 914/1156/859 923/1170/872 924/1171/873
f 916/1158/861 915/1157/860 924/1171/873 925/1172/874
f 1515/1159/862 1521/1173/875 1172/1174/876 1168/1160/863
f 1171/1161/864 1175/1175/877 1523/1176/878 1517/1162/865
f 918/1164/867 917/1163/866 926/1177/879 927/1178/880
f 919/1165/868 918/1164/867 927/1178/880 928/1179/881
f 920/1166/869 919/1165/868 928/1179/881 929/1180/882
f 921/1167/870 920/1166/869 929/1180/882 930/1181/883
f 922/1169/871 921/1168/870 930/1182/883 931/1183/884
f 923/1170/872 922/1169/871 931/1183/884 932/1184/885
f 924/1171/873 923/1170/872 932/1184/885 933/1185/886
f 925/1172/874 924/1171/873 933/1185/886 934/1186/887
f 1521/1173/875 1527/1187/888 1176/1188/889 1172/1174/876
f 1175/1175/877 1179/1189/890 1529/1190/891 1523/1176/878
f 927/1178/880 926/1177/879 935/1191/892 936/1192/893
f 928/1179/881 927/1178/880 936/1192/893 937/1193/894
f 929/1180/882 928/1179/881 937/1193/894 938/1194/895
f 930/1181/883 929/1180/882 938/1194/895 939/1195/896
f 931/1183/884 930/1182/883 939/1196/896 940/1197/897
f 932/1184/885 931/1183/884 940/1197/897 941/1198/898
f 933/1185/886 932/1184/885 941/1198/898 942/1199/899
f 934/1186/887 933/1185/886 942/1199/899 943/1200/900
f 1527/1187/888 1533/1201/901 1180/1202/902 1176/1188/889
f 1179/1189/890 1183/1203/903 1535/1204/904 1529/1190/891
f 936/1192/893 935/1191/892 944/1205/905 945/1206/906
f 937/1193/894 936/1192/893 945/1206/906 946/1207/907
f 938/1194/895 937/1193/894 946/1207/907 947/1208/908
f 939/1195/896 938/1194/895 947/1208/908 948/1209/909
f 940/1197/897 939/1196/896 948/1210/909 949/1211/910
f 941/1198/898 940/1197/897 949/1211/910 950/1212/911
f 942/1199/899 941/1198/898 950/1212/911 951/1213/912
f 943/1200/900 942/1199/899 951/1213/912 952/1214/913
f 1533/1201/901 1539/1215/914 1184/1216/915 1180/1202/902
f 1183/1203/903 1187/1217/916 1541/1218/917 1535/1204/904
f 945/1206/906 944/1205/905 953/1219/918 954/1220/919
f 946/1207/907 945/1206/906 954/1220/919 955/1221/920
f 947/1208/908 946/1207/907 955/1221/920 956/1222/921
f 948/1209/909 947/1208/908 956/1222/921 957/1223/922
f 949/1211/910 948/1210/909 957/1224/922 958/1225/923
f 950/1212/911 949/1211/910 958/1225/923 959/1226/924
f 951/1213/912 950/1212/911 959/1226/924 960/1227/925
f 952/1214/913 951/1213/912 960/1227/925 961/1228/926
f 1539/1215/914 1545/1229/927 1188/1230/928 1184/1216/915
f 1187/1217/916 1191/1231/929 1547/1232/930 1541/1218/917
f 954/1220/919 953/1219/918 962/1233/931 963/1234/932
f 955/1221/920 954/1220/919 963/1234/932 964/1235/933
f 956/1222/921 955/1221/920 964/1235/933 965/1236/934
f 957/1223/922 956/1222/921 965/1236/934 966/1237/935
f 958/1225/923 957/1224/922 966/1238/935 967/1239/936
f 959/1226/924 958/1225/923 967/1239/936 968/1240/937
f 960/1227/925 959/1226/924 968/1240/937 969/1241/938
f 961/1228/926 960/1227/925 969/1241/938 970/1242/939
f 1545/1229/927 1551/1243/940 1192/1244/941 1188/1230/928
f 1191/1231/929 1195/1245/942 1553/1246/943 1547/1232/930
f 963/1234/932 962/1233/931 971/1247/944 972/1248/945
f 964/1235/933 963/1234/932 972/1248/945 973/1249/946
f 965/1236/934 964/1235/933 973/1249/946 974/1250/947
f 966/1237/935 965/1236/934 974/1250/947 975/1251/948
f 967/1239/936 966/1238/935 975/1252/948 976/1253/949
f 968/1240/937 967/1239/936 976/1253/949 977/1254/950
f 969/1241/938 968/1240/937 977/1254/950 978/1255/951
f 970/1242/939 969/1241/938 978/1255/951 979/1256/952
f 1551/1243/940 1557/1257/953 1196/1258/954 1192/1244/941
f 1195/1245/942 1199/1259/955 1559/1260/956 1553/1246/943
f 972/1248/945 971/1247/944 980/1261/957 981/1262/958
f 973/1249/946 972/1248/945 981/1262/958 982/1263/959
f 974/1250/947 973/1249/946 982/1263/959 983/1264/960
f 975/1251/948 974/1250/947 983/1264/960 984/1265/961
f 976/1253/949 975/1252/948 984/1266/961 985/1267/962
f 977/1254/950 976/1253/949 985/1267/962 986/1268/963
f 978/1255/951 977/1254/950 986/1268/963 987/1269/964
f 979/1256/952 978/1255/951 987/1269/964 988/1270/965
f 1557/1257/953 1563/1271/966 1200/1272/967 1196/1258/954
f 1199/1259/955 1203/1273/968 1565/1274/969 1559/1260/956
f 981/1262/958 980/1261/957 989/1275/970 990/1276/971
f 982/1263/959 981/1262/958 990/1276/971 991/1277/972
f 983/1264/960 982/1263/959 991/1277/972 992/1278/973
f 984/1265/961 983/1264/960 992/1278/973 993/1279/974
f 985/1267/962 984/1266/961 993/1280/974 994/1281/975
f 986/1268/963 985/1267/962 994/1281/975 995/1282/976
f 987/1269/964 986/1268/963 995/1282/976 996/1283/977
f 988/1270/965 987/1269/964 996/1283/977 997/1284/978
f 1563/1271/966 1569/1285/979 1204/1286/980 1200/1272/967
f 1203/1273/968 1207/1287/981 1571/1288/982 1565/1274/969
f 990/1276/971 989/1275/970 998/1289/983 999/1290/984
f 991/1277/972 990/1276/971 999/1290/984 1000/1291/985
f 992/1278/973 991/1277/972 1000/1291/985 1001/1292/986
f 993/1279/974 992/1278/973 1001/1292/986 1002/1293/987
f 994/1281/975 993/1280/974 1002/1294/987 1003/1295/988
f 995/1282/976 994/1281/975 1003/1295/988 1004/1296/989
f 996/1283/977 995/1282/976 1004/1296/989 1005/1297/990
f 997/1284/978 996/1283/977 1005/1297/990 1006/1298/991
f 1569/1285/979 1575/1299/992 1208/1300/993 1204/1286/980
f 1207/1287/981 1211/1301/994 1577/1302/995 1571/1288/982
f 999/1290/984 998/1289/983 1007/1303/996 1008/1304/997
f 1000/1291/985 999/1290/984 1008/1304/997 1009/1305/998
f 1001/1292/986 1000/1291/985 1009/1305/998 1010/1306/999
f 1002/1293/987 1001/1292/986 1010/1306/999 1011/1307/1000
f 1003/1295/988 1002/1294/987 1011/1308/1000 1012/1309/1001
f 1004/1296/989 1003/1295/988 1012/1309/1001 1013/1310/1002
f 1005/1297/990 1004/1296/989 1013/1310/1002 1014/1311/1003
f 1006/1298/991 1005/1297/990 1014/1311/1003 1015/1312/1004
f 1575/1299/992 1581/1313/1005 1212/1314/1006 1208/1300/993
f 1211/1301/994 1215/1315/1007 1583/1316/1008 1577/1302/995
f 1008/1304/997 1007/1303/996 1016/1317/1009 1017/1318/1010
f 1009/1305/998 1008/1304/997 1017/1318/1010 1018/1319/1011
f 1010/1306/999 1009/1305/998 1018/1319/1011 1019/1320/1012
f 1011/1307/1000 1010/1306/999 1019/1320/1012 1020/1321/1013
f 1012/1309/1001 1011/1308/1000 1020/1322/1013 1021/1323/1014
f 1013/1310/1002 1012/1309/1001 1021/1323/1014 1022/1324/1015
f 1014/1311/1003 1013/1310/1002 1022/1324/1015 1023/1325/1016
f 1015/1312/1004 1014/1311/1003 1023/1325/1016 1024/1326/1017
f 1581/1313/1005 1587/1327/1018 1216/1328/1019 1212/1314/1006
f 1215/1315/1007 1219/1329/1020 1589/1330/1021 1583/1316/1008
f 1017/1318/1010 1016/1317/1009 1025/1331/1022 1026/1332/1023
f 1018/1319/1011 1017/1318/1010 1026/1332/1023 1027/1333/1024
f 1019/1320/1012 1018/1319/1011 1027/1333/1024 1028/1334/1025
f 1020/1321/1013 1019/1320/1012 1028/1334/1025 1029/1335/1026
f 1021/1323/1014 1020/1322/1013 1029/1336/1026 1030/1337/1027
f 1022/1324/1015 1021/1323/1014 1030/1337/1027 1031/1338/1028
f 1023/1325/1016 1022/1324/1015 1031/1338/1028 1032/1339/1029
f 1024/1326/1017 1023/1325/1016 1032/1339/1029 1033/1340/1030
f 1587/1327/1018 1593/1341/1031 1220/1342/1032 1216/1328/1019
f 1219/1329/1020 1223/1343/1033 1595/1344/1034 1589/1330/1021
f 1026/1332/1023 1025/1331/1022 1034/1345/1035 1035/1346/1036
f 1027/1333/1024 1026/1332/1023 1035/1346/1036 1036/1347/1037
f 1028/1334/1025 1027/1333/1024 1036/1347/1037 1037/1348/1038
f 1029/1335/1026 1028/1334/1025 1037/1348/1038 1038/1349/1039
f 1030/1337/1027 1029/1336/1026 1038/1350/1039 1039/1351/1040
f 1031/1338/1028 1030/1337/1027 1039/1351/1040 1040/1352/1041
f 1032/1339/1029 1031/1338/1028 1040/1352/1041 1041/1353/1042
f 1033/1340/1030 1032/1339/1029 1041/1353/1042 1042/1354/1043
f 1593/1341/1031 1599/1355/1044 1224/1356/1045 1220/1342/1032
f 1223/1343/1033 1227/1357/1046 1601/1358/1047 1595/1344/1034
f 1035/1346/1036 1034/1345/1035 1043/1359/1048 1044/1360/1049
f 1036/1347/1037 1035/1346/1036 1044/1360/1049 1045/1361/1050
f 1037/1348/1038 1036/1347/1037 1045/1361/1050 1046/1362/1051
f 1038/1349/1039 1037/1348/1038 1046/1362/1051 1047/1363/1052
f 1039/1351/1040 1038/1350/1039 1047/1364/1052 1048/1365/1053
f 1040/1352/1041 1039/1351/1040 1048/1365/1053 1049/1366/1054
f 1041/1353/1042 1040/1352/1041 1049/1366/1054 1050/1367/1055
f 1042/1354/1043 1041/1353/1042 1050/1367/1055 1051/1368/1056
f 1599/1355/1044 1605/1369/1057 1228/1370/1058 1224/1356/1045
f 1227/1357/1046 1231/1371/1059 1607/1372/1060 1601/1358/1047
f 1044/1360/1049 1043/1359/1048 1052/1373/1061 1053/1374/1062
f 1045/1361/1050 1044/1360/1049 1053/1374/1062 1054/1375/1063
f 1046/1362/1051 1045/1361/1050 1054/1375/1063 1055/1376/1064
f 1047/1363/1052 1046/1362/1051 1055/1376/1064 1056/1377/1065
f 1048/1365/1053 1047/1364/1052 1056/1378/1065 1057/1379/1066
f 1049/1366/1054 1048/1365/1053 1057/1379/1066 1058/1380/1067
f 1050/1367/1055 1049/1366/1054 1058/1380/1067 1059/1381/1068
f 1051/1368/1056 1050/1367/1055 1059/1381/1068 1060/1382/1069
f 1605/1369/1057 1611/1383/1070 1232/1384/1071 1228/1370/1058
f 1231/1371/1059 1235/1385/1072 1613/1386/1073 1607/1372/1060
f 1053/1374/1062 1052/1373/1061 1061/1387/1074 1062/1388/1075
f 1054/1375/1063 1053/1374/1062 1062/1388/1075 1063/1389/1076
f 1055/1376/1064 1054/1375/1063 1063/1389/1076 1064/1390/1077
f 1056/1377/1065 1055/1376/1064 1064/1390/1077 1065/1391/1078
f 1057/1379/1066 1056/1378/1065 1065/1392/1078 1066/1393/1079
f 1058/1380/1067 1057/1379/1066 1066/1393/1079 1067/1394/1080
f 1059/1381/1068 1058/1380/1067 1067/1394/1080 1068/1395/1081
f 1060/1382/1069 1059/1381/1068 1068/1395/1081 1069/1396/1082
f 1611/1383/1070 1617/1397/1083 1236/1398/1084 1232/1384/1071
f 1235/1385/1072 1239/1399/1085 1619/1400/1086 1613/1386/1073
f 1062/1388/1075 1061/1387/1074 1070/1401/1087 1071/1402/1088
f 1063/1389/1076 1062/1388/1075 1071/1402/1088 1072/1403/1089
f 1064/1390/1077 1063/1389/1076 1072/1403/1089 1073/1404/1090
f 1065/1391/1078 1064/1390/1077 1073/1404/1090 1074/1405/1091
f 1066/1393/1079 1065/1392/1078 1074/1406/1091 1075/1407/1092
f 1067/1394/1080 1066/1393/1079 1075/1407/1092 1076/1408/1093
f 1068/1395/1081 1067/1394/1080 1076/1408/1093 1077/1409/1094
f 1069/1396/1082 1068/1395/1081 1077/1409/1094 1078/1410/1095
f 1617/1397/1083 1623/1411/1096 1240/1412/1097 1236/1398/1084
f 1239/1399/1085 1243/1413/1098 1625/1414/1099 1619/1400/1086
f 1071/1402/1088 1070/1401/1087 1079/1415/1100 1080/1416/1101
f 1072/1403/1089 1071/1402/1088 1080/1416/1101 1081/1417/1102
f 1073/1404/1090 1072/1403/1089 1081/1417/1102 1082/1418/1103
f 1074/1405/1091 1073/1404/1090 1082/1418/1103 1083/1419/1104
f 1075/1407/1092 1074/1406/1091 1083/1420/1104 1084/1421/1105
f 1076/1408/1093 1075/1407/1092 1084/1421/1105 1085/1422/1106
f 1077/1409/1094 1076/1408/1093 1085/1422/1106 1086/1423/1107
f 1078/1410/1095 1077/1409/1094 1086/1423/1107 1087/1424/1108
f 1623/1411/1096 1629/1425/1109 1244/1426/1110 1240/1412/1097
f 1243/1413/1098 1247/1427/1111 1631/1428/1112 1625/1414/1099
f 1080/1416/1101 1079/1415/1100 1088/1429/1113 1089/1430/1114
f 1081/1417/1102 1080/1416/1101 1089/1430/1114 1090/1431/1115
f 1082/1418/1103 1081/1417/1102 1090/1431/1115 1091/1432/1116
f 1083/1419/1104 1082/1418/1103 1091/1432/1116 1092/1433/1117
f 1084/1421/1105 1083/1420/1104 1092/1434/1117 1093/1435/1118
f 1085/1422/1106 1084/1421/1105 1093/1435/1118 1094/1436/1119
f 1086/1423/1107 1085/1422/1106 1094/1436/1119 1095/1437/1120
f 1087/1424/1108 1086/1423/1107 1095/1437/1120 1096/1438/1121
f 1629/1425/1109 1635/1439/1122 1248/1440/1123 1244/1426/1110
f 1247/1427/1111 1251/1441/1124 1637/1442/1125 1631/1428/1112
f 1089/1430/1114 1088/1429/1113 1097/1443/1126 1098/1444/1127
f 1090/1431/1115 1089/1430/1114 1098/1444/1127 1099/1445/1128
f 1091/1432/1116 1090/1431/1115 1099/1445/1128 1100/1446/1129
f 1092/1433/1117 1091/1432/1116 1100/1446/1129 1101/1447/1130
f 1093/1435/1118 1092/1434/1117 1101/1448/1130 1102/1449/1131
f 1094/1436/1119 1093/1435/1118 1102/1449/1131 1103/1450/1132
f 1095/1437/1120 1094/1436/1119 1103/1450/1132 1104/1451/1133
f 1096/1438/1121 1095/1437/1120 1104/1451/1133 1105/1452/1134
f 1635/1439/1122 1641/1453/1135 1252/1454/1136 1248/1440/1123
f 1251/1441/1124 1255/1455/1137 1644/1456/1138 1637/1442/1125
f 1098/1444/1127 1097/1443/1126 1106/1457/1139 1107/1458/1140
f 1099/1445/1128 1098/1444/1127 1107/1458/1140 1108/1459/1141
f 1100/1446/1129 1099/1445/1128 1108/1459/1141 1109/1460/1142
f 1101/1447/1130 1100/1446/1129 1109/1460/1142 1110/1461/1143
f 1102/1449/1131 1101/1448/1130 1110/1462/1143 1111/1463/1144
f 1103/1450/1132 1102/1449/1131 1111/1463/1144 1112/1464/1145
f 1104/1451/1133 1103/1450/1132 1112/1464/1145 1113/1465/1146
f 1105/1452/1134 1104/1451/1133 1113/1465/1146 1114/1466/1147
f 1641/1453/1135 1646/1467/1148 1256/1468/1149 1252/1454/1136
f 1647/1469/1150 1114/1466/1147 1124/1470/1151 1125/742/575
f 1107/1458/1140 1106/1457/1139 1116/1471/1152 1117/1472/1153
f 1108/1459/1141 1107/1458/1140 1117/1472/1153 1118/1473/1154
f 1109/1460/1142 1108/1459/1141 1118/1473/1154 1119/1474/1155
f 1110/1461/1143 1109/1460/1142 1119/1474/1155 1120/1475/1156
f 1111/1463/1144 1110/1462/1143 1120/1476/1156 1121/1477/1157
f 1112/1464/1145 1111/1463/1144 1121/1477/1157 1122/1478/1158
f 1113/1465/1146 1112/1464/1145 1122/1478/1158 1123/1479/1159
f 1114/1466/1147 1113/1465/1146 1123/1479/1159 1124/1470/1151
f 1116/1471/1152 1115/729/563 1126/1480/1160 1127/1481/1161
f 1117/1472/1153 1116/1471/1152 1127/1481/1161 1128/1482/1162
f 1118/1473/1154 1117/1472/1153 1128/1482/1162 1129/1483/1163
f 1119/1474/1155 1118/1473/1154 1129/1483/1163 1130/1484/1164
f 1120/1475/1156 1119/1474/1155 1130/1484/1164 1131/1485/1165
f 1121/1477/1157 1120/1476/1156 1131/1486/1165 1132/1487/1166
f 1122/1478/1158 1121/1477/1157 1132/1487/1166 1133/1488/1167
f 1123/1479/1159 1122/1478/1158 1133/1488/1167 1134/1489/1168
f 1124/1470/1151 1123/1479/1159 1134/1489/1168 1135/1490/1169
f 1125/742/575 1124/1470/1151 1135/1490/1169 1136/743/576
f 1127/1481/1161 1126/1480/1160 1137/1491/1170 1138/1492/1171
f 1128/1482/1162 1127/1481/1161 1138/1492/1171 1139/1493/1172
f 1129/1483/1163 1128/1482/1162 1139/1493/1172 1140/1494/1173
f 1130/1484/1164 1129/1483/1163 1140/1494/1173 1141/1495/1174
f 1131/1485/1165 1130/1484/1164 1141/1495/1174 1142/1496/1175
f 1132/1487/1166 1131/1486/1165 1142/1497/1175 1143/1498/1176
f 1133/1488/1167 1132/1487/1166 1143/1498/1176 1144/1499/1177
f 1134/1489/1168 1133/1488/1167 1144/1499/1177 1145/1500/1178
f 1135/1490/1169 1134/1489/1168 1145/1500/1178 1146/1501/1179
f 1136/743/576 1135/1490/1169 1146/1501/1179 1147/1502/1180
f 1138/1492/1171 1137/1491/1170 1148/785/615 1149/788/617
f 1139/1493/1172 1138/1492/1171 1149/788/617 1150/787/616
f 1140/1494/1173 1139/1493/1172 1150/787/616 1151/791/620
f 1141/1495/1174 1140/1494/1173 1151/791/620 1152/793/622
f 1142/1496/1175 1141/1495/1174 1152/793/622 1153/796/624
f 1143/1498/1176 1142/1497/1175 1153/800/624 1154/799/626
f 1144/1499/1177 1143/1498/1176 1154/799/626 1155/803/628
f 1145/1500/1178 1144/1499/1177 1155/803/628 1156/806/630
f 1146/1501/1179 1145/1500/1178 1156/806/630 1157/809/632
f 1147/1502/1180 1146/1501/1179 1157/809/632 1158/812/634
f 601/772/603 1652/1503/1181 1651/1504/1182 600/773/604
f 603/775/606 1656/1505/1183 1654/1506/1184 602/774/605
f 604/776/607 1658/1507/1185 1656/1508/1183 603/775/606
f 605/777/608 1660/1509/1186 1658/1510/1185 604/776/607
f 606/778/609 1662/1511/1187 1660/1512/1186 605/779/608
f 607/780/610 1664/1513/1188 1662/1511/1187 606/778/609
f 608/781/611 1666/1514/1189 1664/1513/1188 607/780/610
f 609/782/612 1668/1515/1190 1666/1516/1189 608/781/611
f 610/783/613 1670/1517/1191 1668/1518/1190 609/782/612
f 1681/1519/154 1670/1517/1191 610/783/613
f 1678/1520/145 600/773/604 1651/1521/1182
f 589/761/593 1683/1522/1192 1684/1523/1193 578/747/580
f 578/747/580 1684/1524/1193 1687/1525/1194 567/748/581
f 567/748/581 1687/1526/1194 1702/1527/1195 1499/1528/1196
f 1688/1529/1197 1259/714/1198 1500/715/1199 1705/1530/1200
f 1672/1531/1201 1674/1532/1202 588/759/591 577/758/590
f 1261/1533/1203 1693/1534/1204 1695/1535/1205 1262/1536/1206
f 1647/1469/1150 1125/742/575 1673/1537/578 1696/1538/1207
f 1136/743/576 1147/1502/1180 1676/1539/1208 1675/1540/577
f 1147/1502/1180 1158/812/634 1680/1541/154 1676/1542/1208
f 1694/1543/1209 1258/1544/1210 1256/1468/1211 1690/1545/1212
f 1685/1546/1213 1126/1480/1160 1115/729/563 1686/1547/562
f 1682/1548/1214 1137/1491/1170 1126/1480/1160 1685/1546/1213
f 1679/1549/145 1148/785/615 1137/1491/1170 1682/1550/1214
f 600/773/604 1678/1520/145 1683/1522/1192 589/761/593
f 1677/1551/1215 1681/1519/154 610/783/613 599/771/602
f 1674/1552/1202 1677/1553/1215 599/771/602 588/759/591
f 1259/714/1198 1688/1554/1197 1693/1555/1204 1261/1533/1203
f 1508/1556/1216 907/1146/848 916/1158/861 1514/1557/1217
f 908/1149/853 1512/1558/1218 1518/1559/1219 917/1163/866
f 917/1163/866 1518/1559/1219 1524/1560/1220 926/1177/879
f 926/1177/879 1524/1560/1220 1530/1561/1221 935/1191/892
f 935/1191/892 1530/1561/1221 1536/1562/1222 944/1205/905
f 944/1205/905 1536/1562/1222 1542/1563/1223 953/1219/918
f 953/1219/918 1542/1563/1223 1548/1564/1224 962/1233/931
f 962/1233/931 1548/1564/1224 1554/1565/1225 971/1247/944
f 971/1247/944 1554/1565/1225 1560/1566/1226 980/1261/957
f 980/1261/957 1560/1566/1226 1566/1567/1227 989/1275/970
f 989/1275/970 1566/1567/1227 1572/1568/1228 998/1289/983
f 998/1289/983 1572/1568/1228 1578/1569/1229 1007/1303/996
f 1007/1303/996 1578/1569/1229 1584/1570/1230 1016/1317/1009
f 1016/1317/1009 1584/1570/1230 1590/1571/1231 1025/1331/1022
f 1025/1331/1022 1590/1571/1231 1596/1572/1232 1034/1345/1035
f 1034/1345/1035 1596/1572/1232 1602/1573/1233 1043/1359/1048
f 1043/1359/1048 1602/1573/1233 1608/1574/1234 1052/1373/1061
f 1052/1373/1061 1608/1574/1234 1614/1575/1235 1061/1387/1074
f 1061/1387/1074 1614/1575/1235 1620/1576/1236 1070/1401/1087
f 1070/1401/1087 1620/1576/1236 1626/1577/1237 1079/1415/1100
f 1079/1415/1100 1626/1577/1237 1632/1578/1238 1088/1429/1113
f 1088/1429/1113 1632/1578/1238 1638/1579/1239 1097/1443/1126
f 1097/1443/1126 1638/1579/1239 1643/730/564 1106/1457/1139
f 1106/1457/1139 1643/730/564 1115/729/563 1116/1471/1152
f 1697/1580/1240 1672/1581/1201 577/758/590 1503/1582/1241
f 1698/1583/1242 1502/726/1243 1260/727/1244 1691/1584/1245
f 558/717/552 568/733/567 567/748/581 1499/1528/1196
f 549/703/539 558/717/552 1499/1528/1196 1493/1585/1246
f 540/689/526 549/703/539 1493/1585/1246 1487/1586/1247
f 531/675/513 540/689/526 1487/1586/1247 1481/1587/1248
f 522/661/500 531/675/513 1481/1587/1248 1475/1588/1249
f 513/647/487 522/661/500 1475/1588/1249 1469/1589/1250
f 504/633/474 513/647/487 1469/1589/1250 1463/1590/1251
f 495/619/461 504/633/474 1463/1590/1251 1457/1591/1252
f 486/605/448 495/619/461 1457/1591/1252 1451/1592/1253
f 477/591/435 486/605/448 1451/1592/1253 1445/1593/1254
f 468/577/422 477/591/435 1445/1593/1254 1439/1594/1255
f 459/563/409 468/577/422 1439/1594/1255 1433/1595/1256
f 450/549/396 459/563/409 1433/1595/1256 1427/1596/1257
f 441/535/383 450/549/396 1427/1596/1257 1421/1597/1258
f 432/521/370 441/535/383 1421/1597/1258 1415/1598/1259
f 423/507/357 432/521/370 1415/1598/1259 1409/1599/1260
f 414/493/344 423/507/357 1409/1599/1260 1403/1600/1261
f 405/479/331 414/493/344 1403/1600/1261 1397/1601/1262
f 396/465/318 405/479/331 1397/1601/1262 1391/1602/1263
f 387/451/305 396/465/318 1391/1602/1263 1385/1603/1264
f 378/437/292 387/451/305 1385/1603/1264 1379/1604/1265
f 369/423/279 378/437/292 1379/1604/1265 1373/1605/1266
f 360/407/264 369/423/279 1373/1605/1266 1367/1606/1267
f 351/392/250 360/407/264 1367/1606/1267 1361/1607/1268
f 341/372/231 889/1124/826 898/1136/839 1358/387/245
f 1365/388/246 1371/1608/1269 368/415/271 359/389/247
f 1371/1608/1269 1377/1609/1270 377/431/286 368/415/271
f 1377/1609/1270 1383/1610/1271 386/445/299 377/431/286
f 1383/1610/1271 1389/1611/1272 395/459/312 386/445/299
f 1389/1611/1272 1395/1612/1273 404/473/325 395/459/312
f 1395/1612/1273 1401/1613/1274 413/487/338 404/473/325
f 1401/1613/1274 1407/1614/1275 422/501/351 413/487/338
f 1407/1614/1275 1413/1615/1276 431/515/364 422/501/351
f 1413/1615/1276 1419/1616/1277 440/529/377 431/515/364
f 1419/1616/1277 1425/1617/1278 449/543/390 440/529/377
f 1425/1617/1278 1431/1618/1279 458/557/403 449/543/390
f 1431/1618/1279 1437/1619/1280 467/571/416 458/557/403
f 1437/1619/1280 1443/1620/1281 476/585/429 467/571/416
f 1443/1620/1281 1449/1621/1282 485/599/442 476/585/429
f 1449/1621/1282 1455/1622/1283 494/613/455 485/599/442
f 1455/1622/1283 1461/1623/1284 503/627/468 494/613/455
f 1461/1623/1284 1467/1624/1285 512/641/481 503/627/468
f 1467/1624/1285 1473/1625/1286 521/655/494 512/641/481
f 1473/1625/1286 1479/1626/1287 530/669/507 521/655/494
f 1479/1626/1287 1485/1627/1288 539/683/520 530/669/507
f 1485/1627/1288 1491/1628/1289 548/697/533 539/683/520
f 1491/1628/1289 1497/1629/1290 557/711/546 548/697/533
f 1497/1629/1290 1503/1582/1241 566/725/559 557/711/546
f 1503/1582/1241 577/758/590 576/741/574 566/725/559
f 899/1137/840 1506/1630/1291 1512/1558/1218 908/1149/853
f 1640/1631/1292 1105/1452/1134 1114/1466/1147 1647/1469/1150
f 1634/1632/1293 1096/1438/1121 1105/1452/1134 1640/1631/1292
f 1628/1633/1294 1087/1424/1108 1096/1438/1121 1634/1632/1293
f 1622/1634/1295 1078/1410/1095 1087/1424/1108 1628/1633/1294
f 1616/1635/1296 1069/1396/1082 1078/1410/1095 1622/1634/1295
f 1610/1636/1297 1060/1382/1069 1069/1396/1082 1616/1635/1296
f 1604/1637/1298 1051/1368/1056 1060/1382/1069 1610/1636/1297
f 1598/1638/1299 1042/1354/1043 1051/1368/1056 1604/1637/1298
f 1592/1639/1300 1033/1340/1030 1042/1354/1043 1598/1638/1299
f 1586/1640/1301 1024/1326/1017 1033/1340/1030 1592/1639/1300
f 1580/1641/1302 1015/1312/1004 1024/1326/1017 1586/1640/1301
f 1574/1642/1303 1006/1298/991 1015/1312/1004 1580/1641/1302
f 1568/1643/1304 997/1284/978 1006/1298/991 1574/1642/1303
f 1562/1644/1305 988/1270/965 997/1284/978 1568/1643/1304
f 1556/1645/1306 979/1256/952 988/1270/965 1562/1644/1305
f 1550/1646/1307 970/1242/939 979/1256/952 1556/1645/1306
f 1544/1647/1308 961/1228/926 970/1242/939 1550/1646/1307
f 1538/1648/1309 952/1214/913 961/1228/926 1544/1647/1308
f 1532/1649/1310 943/1200/900 952/1214/913 1538/1648/1309
f 1526/1650/1311 934/1186/887 943/1200/900 1532/1649/1310
f 1520/1651/1312 925/1172/874 934/1186/887 1526/1650/1311
f 1514/1557/1217 916/1158/861 925/1172/874 1520/1651/1312
f 890/1127/831 1356/390/248 1506/1630/1291 899/1137/840
f 1160/374/233 1351/373/232 1353/1652/1313 1162/1653/1314
f 1162/1653/1314 1353/1652/1313 1354/1654/1315 1161/1655/1316
f 1161/1656/1316 1354/1657/1315 1352/418/274 1159/403/850
f 1351/373/232 1347/404/261 1349/1658/1317 1353/1652/1313
f 1353/1652/1313 1349/1658/1317 1350/1659/1318 1354/1654/1315
f 1354/1657/1315 1350/1660/1318 1348/419/275 1352/418/274
f 1347/404/261 1343/420/276 1345/1661/1319 1349/1658/1317
f 1349/1658/1317 1345/1661/1319 1346/1662/1320 1350/1659/1318
f 1350/1660/1318 1346/1663/1320 1344/433/288 1348/419/275
f 1343/420/276 1339/434/289 1341/1664/1321 1345/1661/1319
f 1345/1661/1319 1341/1664/1321 1342/1665/1322 1346/1662/1320
f 1346/1663/1320 1342/1666/1322 1340/447/301 1344/433/288
f 1339/434/289 1335/448/302 1337/1667/1323 1341/1664/1321
f 1341/1664/1321 1337/1667/1323 1338/1668/1324 1342/1665/1322
f 1342/1666/1322 1338/1669/1324 1336/461/314 1340/447/301
f 1335/448/302 1331/462/315 1333/1670/1325 1337/1667/1323
f 1337/1667/1323 1333/1670/1325 1334/1671/1326 1338/1668/1324
f 1338/1669/1324 1334/1672/1326 1332/475/327 1336/461/314
f 1331/462/315 1327/476/328 1329/1673/1327 1333/1670/1325
f 1333/1670/1325 1329/1673/1327 1330/1674/1328 1334/1671/1326
f 1334/1672/1326 1330/1675/1328 1328/489/340 1332/475/327
f 1327/476/328 1323/490/341 1325/1676/1329 1329/1673/1327
f 1329/1673/1327 1325/1676/1329 1326/1677/1330 1330/1674/1328
f 1330/1675/1328 1326/1678/1330 1324/503/353 1328/489/340
f 1323/490/341 1319/504/354 1321/1679/1331 1325/1676/1329
f 1325/1676/1329 1321/1679/1331 1322/1680/1332 1326/1677/1330
f 1326/1678/1330 1322/1681/1332 1320/517/366 1324/503/353
f 1319/504/354 1315/518/367 1317/1682/1333 1321/1679/1331
f 1321/1679/1331 1317/1682/1333 1318/1683/1334 1322/1680/1332
f 1322/1681/1332 1318/1684/1334 1316/531/379 1320/517/366
f 1315/518/367 1311/532/380 1313/1685/1335 1317/1682/1333
f 1317/1682/1333 1313/1685/1335 1314/1686/1336 1318/1683/1334
f 1318/1684/1334 1314/1687/1336 1312/545/392 1316/531/379
f 1311/532/380 1307/546/393 1309/1688/1337 1313/1685/1335
f 1313/1685/1335 1309/1688/1337 1310/1689/1338 1314/1686/1336
f 1314/1687/1336 1310/1690/1338 1308/559/405 1312/545/392
f 1307/546/393 1303/560/406 1305/1691/1339 1309/1688/1337
f 1309/1688/1337 1305/1691/1339 1306/1692/1340 1310/1689/1338
f 1310/1690/1338 1306/1693/1340 1304/573/418 1308/559/405
f 1303/560/406 1299/574/419 1301/1694/1341 1305/1691/1339
f 1305/1691/1339 1301/1694/1341 1302/1695/1342 1306/1692/1340
f 1306/1693/1340 1302/1696/1342 1300/587/431 1304/573/418
f 1299/574/419 1295/588/432 1297/1697/1343 1301/1694/1341
f 1301/1694/1341 1297/1697/1343 1298/1698/1344 1302/1695/1342
f 1302/1696/1342 1298/1699/1344 1296/601/444 1300/587/431
f 1295/588/432 1291/602/445 1293/1700/1345 1297/1697/1343
f 1297/1697/1343 1293/1700/1345 1294/1701/1346 1298/1698/1344
f 1298/1699/1344 1294/1702/1346 1292/615/457 1296/601/444
f 1291/602/445 1287/616/458 1289/1703/1347 1293/1700/1345
f 1293/1700/1345 1289/1703/1347 1290/1704/1348 1294/1701/1346
f 1294/1702/1346 1290/1705/1348 1288/629/470 1292/615/457
f 1287/616/458 1283/630/471 1285/1706/1349 1289/1703/1347
f 1289/1703/1347 1285/1706/1349 1286/1707/1350 1290/1704/1348
f 1290/1705/1348 1286/1708/1350 1284/643/483 1288/629/470
f 1283/630/471 1279/644/484 1281/1709/1351 1285/1706/1349
f 1285/1706/1349 1281/1709/1351 1282/1710/1352 1286/1707/1350
f 1286/1708/1350 1282/1711/1352 1280/657/496 1284/643/483
f 1279/644/484 1275/658/497 1277/1712/1353 1281/1709/1351
f 1281/1709/1351 1277/1712/1353 1278/1713/1354 1282/1710/1352
f 1282/1711/1352 1278/1714/1354 1276/671/509 1280/657/496
f 1275/658/497 1271/672/510 1273/1715/1355 1277/1712/1353
f 1277/1712/1353 1273/1715/1355 1274/1716/1356 1278/1713/1354
f 1278/1714/1354 1274/1717/1356 1272/685/522 1276/671/509
f 1271/672/510 1267/686/523 1269/1718/1357 1273/1715/1355
f 1273/1715/1355 1269/1718/1357 1270/1719/1358 1274/1716/1356
f 1274/1717/1356 1270/1720/1358 1268/699/535 1272/685/522
f 1267/686/523 1263/700/536 1265/1721/1359 1269/1718/1357
f 1269/1718/1357 1265/1721/1359 1266/1722/1360 1270/1719/1358
f 1270/1720/1358 1266/1723/1360 1264/713/548 1268/699/535
f 1263/700/536 1259/714/549 1261/1533/1361 1265/1721/1359
f 1265/1721/1359 1261/1533/1361 1262/1536/1362 1266/1722/1360
f 1266/1723/1360 1262/1724/1362 1260/727/561 1264/713/548
f 1689/1725/1363 1255/1455/1364 1257/1726/1365 1692/1727/1366
f 1692/1728/1366 1257/1726/1365 1258/1729/1210 1694/1730/1209
f 1646/1467/1367 1699/1731/1368 1690/1732/1212 1256/1468/1211
f 1255/1455/1364 1689/1733/1363 1704/1734/1369 1644/1456/1370
f 1504/1735/1371 1701/1736/1372 1697/1737/1240 1503/1582/1241
f 1262/1724/1206 1695/1738/1205 1691/1739/1245 1260/727/1244
f 1255/1455/1137 1251/1441/1124 1253/1740/1373 1257/1726/1374
f 1257/1726/1374 1253/1740/1373 1254/1741/1375 1258/1729/1376
f 1258/1544/1376 1254/1742/1375 1252/1454/1136 1256/1468/1149
f 1251/1441/1124 1247/1427/1111 1249/1743/1377 1253/1740/1373
f 1253/1740/1373 1249/1743/1377 1250/1744/1378 1254/1741/1375
f 1254/1742/1375 1250/1745/1378 1248/1440/1123 1252/1454/1136
f 1247/1427/1111 1243/1413/1098 1245/1746/1379 1249/1743/1377
f 1249/1743/1377 1245/1746/1379 1246/1747/1380 1250/1744/1378
f 1250/1745/1378 1246/1748/1380 1244/1426/1110 1248/1440/1123
f 1243/1413/1098 1239/1399/1085 1241/1749/1381 1245/1746/1379
f 1245/1746/1379 1241/1749/1381 1242/1750/1382 1246/1747/1380
f 1246/1748/1380 1242/1751/1382 1240/1412/1097 1244/1426/1110
f 1239/1399/1085 1235/1385/1072 1237/1752/1383 1241/1749/1381
f 1241/1749/1381 1237/1752/1383 1238/1753/1384 1242/1750/1382
f 1242/1751/1382 1238/1754/1384 1236/1398/1084 1240/1412/1097
f 1235/1385/1072 1231/1371/1059 1233/1755/1385 1237/1752/1383
f 1237/1752/1383 1233/1755/1385 1234/1756/1386 1238/1753/1384
f 1238/1754/1384 1234/1757/1386 1232/1384/1071 1236/1398/1084
f 1231/1371/1059 1227/1357/1046 1229/1758/1387 1233/1755/1385
f 1233/1755/1385 1229/1758/1387 1230/1759/1388 1234/1756/1386
f 1234/1757/1386 1230/1760/1388 1228/1370/1058 1232/1384/1071
f 1227/1357/1046 1223/1343/1033 1225/1761/1389 1229/1758/1387
f 1229/1758/1387 1225/1761/1389 1226/1762/1390 1230/1759/1388
f 1230/1760/1388 1226/1763/1390 1224/1356/1045 1228/1370/1058
f 1223/1343/1033 1219/1329/1020 1221/1764/1391 1225/1761/1389
f 1225/1761/1389 1221/1764/1391 1222/1765/1392 1226/1762/1390
f 1226/1763/1390 1222/1766/1392 1220/1342/1032 1224/1356/1045
f 1219/1329/1020 1215/1315/1007 1217/1767/1393 1221/1764/1391
f 1221/1764/1391 1217/1767/1393 1218/1768/1394 1222/1765/1392
f 1222/1766/1392 1218/1769/1394 1216/1328/1019 1220/1342/1032
f 1215/1315/1007 1211/1301/994 1213/1770/1395 1217/1767/1393
f 1217/1767/1393 1213/1770/1395 1214/1771/1396 1218/1768/1394
f 1218/1769/1394 1214/1772/1396 1212/1314/1006 1216/1328/1019
f 1211/1301/994 1207/1287/981 1209/1773/1397 1213/1770/1395
f 1213/1770/1395 1209/1773/1397 1210/1774/1398 1214/1771/1396
f 1214/1772/1396 1210/1775/1398 1208/1300/993 1212/1314/1006
f 1207/1287/981 1203/1273/968 1205/1776/1399 1209/1773/1397
f 1209/1773/1397 1205/1776/1399 1206/1777/1400 1210/1774/1398
f 1210/1775/1398 1206/1778/1400 1204/1286/980 1208/1300/993
f 1203/1273/968 1199/1259/955 1201/1779/1401 1205/1776/1399
f 1205/1776/1399 1201/1779/1401 1202/1780/1402 1206/1777/1400
f 1206/1778/1400 1202/1781/1402 1200/1272/967 1204/1286/980
f 1199/1259/955 1195/1245/942 1197/1782/1403 1201/1779/1401
f 1201/1779/1401 1197/1782/1403 1198/1783/1404 1202/1780/1402
f 1202/1781/1402 1198/1784/1404 1196/1258/954 1200/1272/967
f 1195/1245/942 1191/1231/929 1193/1785/1405 1197/1782/1403
f 1197/1782/1403 1193/1785/1405 1194/1786/1406 1198/1783/1404
f 1198/1784/1404 1194/1787/1406 1192/1244/941 1196/1258/954
f 1191/1231/929 1187/1217/916 1189/1788/1407 1193/1785/1405
f 1193/1785/1405 1189/1788/1407 1190/1789/1408 1194/1786/1406
f 1194/1787/1406 1190/1790/1408 1188/1230/928 1192/1244/941
f 1187/1217/916 1183/1203/903 1185/1791/1409 1189/1788/1407
f 1189/1788/1407 1185/1791/1409 1186/1792/1410 1190/1789/1408
f 1190/1790/1408 1186/1793/1410 1184/1216/915 1188/1230/928
f 1183/1203/903 1179/1189/890 1181/1794/1411 1185/1791/1409
f 1185/1791/1409 1181/1794/1411 1182/1795/1412 1186/1792/1410
f 1186/1793/1410 1182/1796/1412 1180/1202/902 1184/1216/915
f 1179/1189/890 1175/1175/877 1177/1797/1413 1181/1794/1411
f 1181/1794/1411 1177/1797/1413 1178/1798/1414 1182/1795/1412
f 1182/1796/1412 1178/1799/1414 1176/1188/889 1180/1202/902
f 1175/1175/877 1171/1161/864 1173/1800/1415 1177/1797/1413
f 1177/1797/1413 1173/1800/1415 1174/1801/1416 1178/1798/1414
f 1178/1799/1414 1174/1802/1416 1172/1174/876 1176/1188/889
f 1171/1161/864 1167/1147/851 1169/1803/1417 1173/1800/1415
f 1173/1800/1415 1169/1803/1417 1170/1804/1418 1174/1801/1416
f 1174/1802/1416 1170/1805/1418 1168/1160/863 1172/1174/876
f 1167/1147/851 1163/1125/828 1165/1806/1419 1169/1803/1417
f 1169/1803/1417 1165/1806/1419 1166/1807/1420 1170/1804/1418
f 1170/1805/1418 1166/1808/1420 1164/402/259 1168/1160/863
f 1163/1125/828 1160/374/827 1162/1653/1421 1165/1806/1419
f 1165/1806/1419 1162/1653/1421 1161/1655/1422 1166/1807/1420
f 1166/1808/1420 1161/1656/1422 1159/403/260 1164/402/259
f 1358/387/245 898/1136/839 907/1146/848 1508/1556/1216
f 1356/390/248 1361/1607/1268 1363/1809/1423 1357/1810/1424
f 1357/1810/1425 1363/1809/1426 1362/376/235 1355/375/234
f 1359/400/849 1364/417/273 1366/1811/1427 1360/1812/1428
f 1360/1812/1429 1366/1811/1430 1365/388/246 1358/387/245
f 1361/1607/1268 1367/1606/1267 1369/1813/1431 1363/1809/1423
f 1363/1809/1426 1369/1813/1432 1368/405/262 1362/376/235
f 1364/417/273 1370/416/272 1372/1814/1433 1366/1811/1427
f 1366/1811/1430 1372/1814/1434 1371/1608/1269 1365/388/246
f 1367/1606/1267 1373/1605/1266 1375/1815/1435 1369/1813/1431
f 1369/1813/1432 1375/1815/1436 1374/421/277 1368/405/262
f 1370/416/272 1376/432/287 1378/1816/1437 1372/1814/1433
f 1372/1814/1434 1378/1816/1438 1377/1609/1270 1371/1608/1269
f 1373/1605/1266 1379/1604/1265 1381/1817/1439 1375/1815/1435
f 1375/1815/1436 1381/1817/1440 1380/435/290 1374/421/277
f 1376/432/287 1382/446/300 1384/1818/1441 1378/1816/1437
f 1378/1816/1438 1384/1818/1442 1383/1610/1271 1377/1609/1270
f 1379/1604/1265 1385/1603/1264 1387/1819/1443 1381/1817/1439
f 1381/1817/1440 1387/1819/1444 1386/449/303 1380/435/290
f 1382/446/300 1388/460/313 1390/1820/1445 1384/1818/1441
f 1384/1818/1442 1390/1820/1446 1389/1611/1272 1383/1610/1271
f 1385/1603/1264 1391/1602/1263 1393/1821/1447 1387/1819/1443
f 1387/1819/1444 1393/1821/1448 1392/463/316 1386/449/303
f 1388/460/313 1394/474/326 1396/1822/1449 1390/1820/1445
f 1390/1820/1446 1396/1822/1450 1395/1612/1273 1389/1611/1272
f 1391/1602/1263 1397/1601/1262 1399/1823/1451 1393/1821/1447
f 1393/1821/1448 1399/1823/1452 1398/477/329 1392/463/316
f 1394/474/326 1400/488/339 1402/1824/1453 1396/1822/1449
f 1396/1822/1450 1402/1824/1454 1401/1613/1274 1395/1612/1273
f 1397/1601/1262 1403/1600/1261 1405/1825/1455 1399/1823/1451
f 1399/1823/1452 1405/1825/1456 1404/491/342 1398/477/329
f 1400/488/339 1406/502/352 1408/1826/1457 1402/1824/1453
f 1402/1824/1454 1408/1826/1458 1407/1614/1275 1401/1613/1274
f 1403/1600/1261 1409/1599/1260 1411/1827/1459 1405/1825/1455
f 1405/1825/1456 1411/1827/1460 1410/505/355 1404/491/342
f 1406/502/352 1412/516/365 1414/1828/1461 1408/1826/1457
f 1408/1826/1458 1414/1828/1462 1413/1615/1276 1407/1614/1275
f 1409/1599/1260 1415/1598/1259 1417/1829/1463 1411/1827/1459
f 1411/1827/1460 1417/1829/1464 1416/519/368 1410/505/355
f 1412/516/365 1418/530/378 1420/1830/1465 1414/1828/1461
f 1414/1828/1462 1420/1830/1466 1419/1616/1277 1413/1615/1276
f 1415/1598/1259 1421/1597/1258 1423/1831/1467 1417/1829/1463
f 1417/1829/1464 1423/1831/1468 1422/533/381 1416/519/368
f 1418/530/378 1424/544/391 1426/1832/1469 1420/1830/1465
f 1420/1830/1466 1426/1832/1470 1425/1617/1278 1419/1616/1277
f 1421/1597/1258 1427/1596/1257 1429/1833/1471 1423/1831/1467
f 1423/1831/1468 1429/1833/1472 1428/547/394 1422/533/381
f 1424/544/391 1430/558/404 1432/1834/1473 1426/1832/1469
f 1426/1832/1470 1432/1834/1474 1431/1618/1279 1425/1617/1278
f 1427/1596/1257 1433/1595/1256 1435/1835/1475 1429/1833/1471
f 1429/1833/1472 1435/1835/1476 1434/561/407 1428/547/394
f 1430/558/404 1436/572/417 1438/1836/1477 1432/1834/1473
f 1432/1834/1474 1438/1836/1478 1437/1619/1280 1431/1618/1279
f 1433/1595/1256 1439/1594/1255 1441/1837/1479 1435/1835/1475
f 1435/1835/1476 1441/1837/1480 1440/575/420 1434/561/407
f 1436/572/417 1442/586/430 1444/1838/1481 1438/1836/1477
f 1438/1836/1478 1444/1838/1482 1443/1620/1281 1437/1619/1280
f 1439/1594/1255 1445/1593/1254 1447/1839/1483 1441/1837/1479
f 1441/1837/1480 1447/1839/1484 1446/589/433 1440/575/420
f 1442/586/430 1448/600/443 1450/1840/1485 1444/1838/1481
f 1444/1838/1482 1450/1840/1486 1449/1621/1282 1443/1620/1281
f 1445/1593/1254 1451/1592/1253 1453/1841/1487 1447/1839/1483
f 1447/1839/1484 1453/1841/1488 1452/603/446 1446/589/433
f 1448/600/443 1454/614/456 1456/1842/1489 1450/1840/1485
f 1450/1840/1486 1456/1842/1490 1455/1622/1283 1449/1621/1282
f 1451/1592/1253 1457/1591/1252 1459/1843/1491 1453/1841/1487
f 1453/1841/1488 1459/1843/1492 1458/617/459 1452/603/446
f 1454/614/456 1460/628/469 1462/1844/1493 1456/1842/1489
f 1456/1842/1490 1462/1844/1494 1461/1623/1284 1455/1622/1283
f 1457/1591/1252 1463/1590/1251 1465/1845/1495 1459/1843/1491
f 1459/1843/1492 1465/1845/1496 1464/631/472 1458/617/459
f 1460/628/469 1466/642/482 1468/1846/1497 1462/1844/1493
f 1462/1844/1494 1468/1846/1498 1467/1624/1285 1461/1623/1284
f 1463/1590/1251 1469/1589/1250 1471/1847/1499 1465/1845/1495
f 1465/1845/1496 1471/1847/1500 1470/645/485 1464/631/472
f 1466/642/482 1472/656/495 1474/1848/1501 1468/1846/1497
f 1468/1846/1498 1474/1848/1502 1473/1625/1286 1467/1624/1285
f 1469/1589/1250 1475/1588/1249 1477/1849/1503 1471/1847/1499
f 1471/1847/1500 1477/1849/1504 1476/659/498 1470/645/485
f 1472/656/495 1478/670/508 1480/1850/1505 1474/1848/1501
f 1474/1848/1502 1480/1850/1506 1479/1626/1287 1473/1625/1286
f 1475/1588/1249 1481/1587/1248 1483/1851/1507 1477/1849/1503
f 1477/1849/1504 1483/1851/1508 1482/673/511 1476/659/498
f 1478/670/508 1484/684/521 1486/1852/1509 1480/1850/1505
f 1480/1850/1506 1486/1852/1510 1485/1627/1288 1479/1626/1287
f 1481/1587/1248 1487/1586/1247 1489/1853/1511 1483/1851/1507
f 1483/1851/1508 1489/1853/1512 1488/687/524 1482/673/511
f 1484/684/521 1490/698/534 1492/1854/1513 1486/1852/1509
f 1486/1852/1510 1492/1854/1514 1491/1628/1289 1485/1627/1288
f 1487/1586/1247 1493/1585/1246 1495/1855/1515 1489/1853/1511
f 1489/1853/1512 1495/1855/1516 1494/701/537 1488/687/524
f 1490/698/534 1496/712/547 1498/1856/1517 1492/1854/1513
f 1492/1854/1514 1498/1856/1517 1497/1629/1290 1491/1628/1289
f 1493/1585/1246 1499/1528/1196 1501/1857/1518 1495/1855/1515
f 1495/1855/1516 1501/1857/1519 1500/715/550 1494/701/537
f 1496/712/547 1502/726/560 1504/1735/1371 1498/1856/1517
f 1498/1856/1517 1504/1735/1371 1503/1582/1241 1497/1629/1290
f 1703/1858/565 1643/730/564 1645/1859/1520 1706/1860/1521
f 1499/1528/1196 1702/1861/1195 1707/1862/1522 1501/1857/1518
f 1502/726/1243 1698/1863/1242 1701/1864/1372 1504/1735/1371
f 1706/1865/1521 1645/1859/1520 1644/1456/1370 1704/1866/1369
f 1501/1857/1518 1707/1867/1522 1705/1868/1200 1500/715/1199
f 1355/375/830 1505/1126/829 1507/1869/1523 1357/1810/1524
f 1357/1810/1424 1507/1869/1525 1506/1630/1291 1356/390/248
f 1358/387/245 1508/1556/1216 1510/1870/1526 1360/1812/1429
f 1360/1812/1527 1510/1870/1528 1509/401/258 1359/400/257
f 1505/1126/829 1511/1148/852 1513/1871/1529 1507/1869/1523
f 1507/1869/1525 1513/1871/1530 1512/1558/1218 1506/1630/1291
f 1508/1556/1216 1514/1557/1217 1516/1872/1531 1510/1870/1526
f 1510/1870/1528 1516/1872/1532 1515/1159/862 1509/401/258
f 1511/1148/852 1517/1162/865 1519/1873/1533 1513/1871/1529
f 1513/1871/1530 1519/1873/1534 1518/1559/1219 1512/1558/1218
f 1514/1557/1217 1520/1651/1312 1522/1874/1535 1516/1872/1531
f 1516/1872/1532 1522/1874/1536 1521/1173/875 1515/1159/862
f 1517/1162/865 1523/1176/878 1525/1875/1537 1519/1873/1533
f 1519/1873/1534 1525/1875/1538 1524/1560/1220 1518/1559/1219
f 1520/1651/1312 1526/1650/1311 1528/1876/1539 1522/1874/1535
f 1522/1874/1536 1528/1876/1540 1527/1187/888 1521/1173/875
f 1523/1176/878 1529/1190/891 1531/1877/1541 1525/1875/1537
f 1525/1875/1538 1531/1877/1542 1530/1561/1221 1524/1560/1220
f 1526/1650/1311 1532/1649/1310 1534/1878/1543 1528/1876/1539
f 1528/1876/1540 1534/1878/1544 1533/1201/901 1527/1187/888
f 1529/1190/891 1535/1204/904 1537/1879/1545 1531/1877/1541
f 1531/1877/1542 1537/1879/1546 1536/1562/1222 1530/1561/1221
f 1532/1649/1310 1538/1648/1309 1540/1880/1547 1534/1878/1543
f 1534/1878/1544 1540/1880/1548 1539/1215/914 1533/1201/901
f 1535/1204/904 1541/1218/917 1543/1881/1549 1537/1879/1545
f 1537/1879/1546 1543/1881/1550 1542/1563/1223 1536/1562/1222
f 1538/1648/1309 1544/1647/1308 1546/1882/1551 1540/1880/1547
f 1540/1880/1548 1546/1882/1552 1545/1229/927 1539/1215/914
f 1541/1218/917 1547/1232/930 1549/1883/1553 1543/1881/1549
f 1543/1881/1550 1549/1883/1554 1548/1564/1224 1542/1563/1223
f 1544/1647/1308 1550/1646/1307 1552/1884/1555 1546/1882/1551
f 1546/1882/1552 1552/1884/1556 1551/1243/940 1545/1229/927
f 1547/1232/930 1553/1246/943 1555/1885/1557 1549/1883/1553
f 1549/1883/1554 1555/1885/1558 1554/1565/1225 1548/1564/1224
f 1550/1646/1307 1556/1645/1306 1558/1886/1559 1552/1884/1555
f 1552/1884/1556 1558/1886/1560 1557/1257/953 1551/1243/940
f 1553/1246/943 1559/1260/956 1561/1887/1561 1555/1885/1557
f 1555/1885/1558 1561/1887/1562 1560/1566/1226 1554/1565/1225
f 1556/1645/1306 1562/1644/1305 1564/1888/1563 1558/1886/1559
f 1558/1886/1560 1564/1888/1564 1563/1271/966 1557/1257/953
f 1559/1260/956 1565/1274/969 1567/1889/1565 1561/1887/1561
f 1561/1887/1562 1567/1889/1566 1566/1567/1227 1560/1566/1226
f 1562/1644/1305 1568/1643/1304 1570/1890/1567 1564/1888/1563
f 1564/1888/1564 1570/1890/1568 1569/1285/979 1563/1271/966
f 1565/1274/969 1571/1288/982 1573/1891/1569 1567/1889/1565
f 1567/1889/1566 1573/1891/1570 1572/1568/1228 1566/1567/1227
f 1568/1643/1304 1574/1642/1303 1576/1892/1571 1570/1890/1567
f 1570/1890/1568 1576/1892/1572 1575/1299/992 1569/1285/979
f 1571/1288/982 1577/1302/995 1579/1893/1573 1573/1891/1569
f 1573/1891/1570 1579/1893/1574 1578/1569/1229 1572/1568/1228
f 1574/1642/1303 1580/1641/1302 1582/1894/1575 1576/1892/1571
f 1576/1892/1572 1582/1894/1576 1581/1313/1005 1575/1299/992
f 1577/1302/995 1583/1316/1008 1585/1895/1577 1579/1893/1573
f 1579/1893/1574 1585/1895/1578 1584/1570/1230 1578/1569/1229
f 1580/1641/1302 1586/1640/1301 1588/1896/1579 1582/1894/1575
f 1582/1894/1576 1588/1896/1580 1587/1327/1018 1581/1313/1005
f 1583/1316/1008 1589/1330/1021 1591/1897/1581 1585/1895/1577
f 1585/1895/1578 1591/1897/1582 1590/1571/1231 1584/1570/1230
f 1586/1640/1301 1592/1639/1300 1594/1898/1583 1588/1896/1579
f 1588/1896/1580 1594/1898/1584 1593/1341/1031 1587/1327/1018
f 1589/1330/1021 1595/1344/1034 1597/1899/1585 1591/1897/1581
f 1591/1897/1582 1597/1899/1586 1596/1572/1232 1590/1571/1231
f 1592/1639/1300 1598/1638/1299 1600/1900/1587 1594/1898/1583
f 1594/1898/1584 1600/1900/1588 1599/1355/1044 1593/1341/1031
f 1595/1344/1034 1601/1358/1047 1603/1901/1589 1597/1899/1585
f 1597/1899/1586 1603/1901/1590 1602/1573/1233 1596/1572/1232
f 1598/1638/1299 1604/1637/1298 1606/1902/1591 1600/1900/1587
f 1600/1900/1588 1606/1902/1592 1605/1369/1057 1599/1355/1044
f 1601/1358/1047 1607/1372/1060 1609/1903/1593 1603/1901/1589
f 1603/1901/1590 1609/1903/1594 1608/1574/1234 1602/1573/1233
f 1604/1637/1298 1610/1636/1297 1612/1904/1595 1606/1902/1591
f 1606/1902/1592 1612/1904/1596 1611/1383/1070 1605/1369/1057
f 1607/1372/1060 1613/1386/1073 1615/1905/1597 1609/1903/1593
f 1609/1903/1594 1615/1905/1598 1614/1575/1235 1608/1574/1234
f 1610/1636/1297 1616/1635/1296 1618/1906/1599 1612/1904/1595
f 1612/1904/1596 1618/1906/1600 1617/1397/1083 1611/1383/1070
f 1613/1386/1073 1619/1400/1086 1621/1907/1601 1615/1905/1597
f 1615/1905/1598 1621/1907/1602 1620/1576/1236 1614/1575/1235
f 1616/1635/1296 1622/1634/1295 1624/1908/1603 1618/1906/1599
f 1618/1906/1600 1624/1908/1604 1623/1411/1096 1617/1397/1083
f 1619/1400/1086 1625/1414/1099 1627/1909/1605 1621/1907/1601
f 1621/1907/1602 1627/1909/1606 1626/1577/1237 1620/1576/1236
f 1622/1634/1295 1628/1633/1294 1630/1910/1607 1624/1908/1603
f 1624/1908/1604 1630/1910/1608 1629/1425/1109 1623/1411/1096
f 1625/1414/1099 1631/1428/1112 1633/1911/1609 1627/1909/1605
f 1627/1909/1606 1633/1911/1610 1632/1578/1238 1626/1577/1237
f 1628/1633/1294 1634/1632/1293 1636/1912/1611 1630/1910/1607
f 1630/1910/1608 1636/1912/1612 1635/1439/1122 1629/1425/1109
f 1631/1428/1112 1637/1442/1125 1639/1913/1613 1633/1911/1609
f 1633/1911/1610 1639/1913/1613 1638/1579/1239 1632/1578/1238
f 1634/1632/1293 1640/1631/1292 1642/1914/1614 1636/1912/1611
f 1636/1912/1612 1642/1914/1615 1641/1453/1135 1635/1439/1122
f 1637/1442/1125 1644/1456/1138 1645/1859/1520 1639/1913/1613
f 1639/1913/1613 1645/1859/1520 1643/730/564 1638/1579/1239
f 1640/1631/1292 1647/1469/1150 1648/1915/1616 1642/1914/1614
f 1642/1914/1615 1648/1915/1617 1646/1467/1148 1641/1453/1135
f 1699/1916/1368 1646/1467/1367 1648/1915/1616 1700/1917/1618
f 1700/1918/1618 1648/1915/1616 1647/1469/1150 1696/1919/1207
f 342/378/237 351/392/250 1361/1607/1268 1356/390/248
f 8/1920/1619 7/1921/1619 1649/1922/1620
f 612/1923/1621 613/1924/1621 1649/1922/1620
f 617/1925/1622 618/1926/1622 1649/1922/1620
f 6/1927/1623 5/1928/1624 1649/1922/1620
f 11/1929/1625 10/1930/1626 1649/1922/1620
f 1/1931/1627 611/1932/1628 1649/1922/1620
f 615/1933/1629 616/1934/1622 1649/1922/1620
f 4/1935/1624 3/1936/1624 1649/1922/1620
f 9/1937/1619 8/1920/1619 1649/1922/1620
f 2/1938/1627 1/1931/1627 1649/1922/1620
f 613/1924/1621 614/1939/1630 1649/1922/1620
f 618/1926/1622 619/1940/1631 1649/1922/1620
f 7/1921/1619 6/1927/1623 1649/1922/1620
f 611/1932/1628 612/1923/1621 1649/1922/1620
f 616/1934/1622 617/1925/1622 1649/1922/1620
f 5/1928/1624 4/1935/1624 1649/1922/1620
f 10/1930/1626 9/1937/1619 1649/1922/1620
f 614/1939/1630 615/1933/1629 1649/1922/1620
f 619/1940/1631 11/1929/1625 1649/1922/1620
f 3/1936/1624 2/1938/1627 1649/1922/1620
f 1671/814/635 1680/1941/154 1158/812/634
f 602/774/605 1654/1942/1184 1652/1943/1181 601/772/603
f 1651/1504/1182 1652/1503/1181 1653/1944/618 1650/784/614
f 1652/1943/1181 1654/1942/1184 1655/790/619 1653/789/618
f 1654/1506/1184 1656/1505/1183 1657/792/621 1655/790/619
f 1656/1508/1183 1658/1507/1185 1659/795/623 1657/794/621
f 1658/1510/1185 1660/1509/1186 1661/798/625 1659/797/623
f 1660/1512/1186 1662/1511/1187 1663/802/627 1661/801/625
f 1662/1511/1187 1664/1513/1188 1665/805/629 1663/804/627
f 1664/1513/1188 1666/1514/1189 1667/808/631 1665/807/629
f 1666/1516/1189 1668/1515/1190 1669/811/633 1667/810/631
f 1668/1518/1190 1670/1517/1191 1671/814/635 1669/813/633
f 1677/1553/1215 1674/1552/1202 1675/1540/577 1676/1539/1208
f 1681/1519/154 1677/1551/1215 1676/1542/1208 1680/1541/154
f 1685/1546/1213 1686/1547/562 1687/1525/1194 1684/1524/1193
f 1679/1549/145 1682/1550/1214 1683/1522/1192 1678/1520/145
f 1682/1548/1214 1685/1546/1213 1684/1523/1193 1683/1522/1192
f 1674/1532/1202 1672/1531/1201 1673/745/578 1675/744/577
f 1689/1725/1363 1692/1727/1366 1693/1555/1204 1688/1554/1197
f 1692/1728/1366 1694/1730/1209 1695/1535/1205 1693/1534/1204
f 1694/1543/1209 1690/1545/1212 1691/1739/1245 1695/1738/1205
f 1703/1858/565 1706/1860/1521 1707/1862/1522 1702/1861/1195
f 1706/1865/1521 1704/1866/1369 1705/1868/1200 1707/1867/1522
f 1701/1864/1372 1698/1863/1242 1699/1916/1368 1700/1917/1618
f 1697/1737/1240 1701/1736/1372 1700/1918/1618 1696/1919/1207
f 1686/728/562 1703/731/565 1702/1527/1195 1687/1526/1194
f 1704/1734/1369 1689/1733/1363 1688/1529/1197 1705/1530/1200
f 1696/1538/1207 1673/1537/578 1672/1581/1201 1697/1580/1240
f 1690/1732/1212 1699/1731/1368 1698/1583/1242 1691/1584/1245
f 1670/1517/1191 1681/1519/154 1680/1941/154 1671/814/635
f 1650/784/614 1679/786/145 1678/1520/145 1651/1521/1182
f 1149/788/617 1148/785/615 1650/784/614 1653/1944/618
